;mean_fit_time;std_fit_time;mean_score_time;std_score_time;param_svc__C;param_svc__gamma;param_svc__kernel;params;split0_test_accuracy;split1_test_accuracy;split2_test_accuracy;split3_test_accuracy;split4_test_accuracy;mean_test_accuracy;std_test_accuracy;rank_test_accuracy;split0_train_accuracy;split1_train_accuracy;split2_train_accuracy;split3_train_accuracy;split4_train_accuracy;mean_train_accuracy;std_train_accuracy;split0_test_f1_macro;split1_test_f1_macro;split2_test_f1_macro;split3_test_f1_macro;split4_test_f1_macro;mean_test_f1_macro;std_test_f1_macro;rank_test_f1_macro;split0_train_f1_macro;split1_train_f1_macro;split2_train_f1_macro;split3_train_f1_macro;split4_train_f1_macro;mean_train_f1_macro;std_train_f1_macro;split0_test_f1_weighted;split1_test_f1_weighted;split2_test_f1_weighted;split3_test_f1_weighted;split4_test_f1_weighted;mean_test_f1_weighted;std_test_f1_weighted;rank_test_f1_weighted;split0_train_f1_weighted;split1_train_f1_weighted;split2_train_f1_weighted;split3_train_f1_weighted;split4_train_f1_weighted;mean_train_f1_weighted;std_train_f1_weighted;split0_test_recall_macro;split1_test_recall_macro;split2_test_recall_macro;split3_test_recall_macro;split4_test_recall_macro;mean_test_recall_macro;std_test_recall_macro;rank_test_recall_macro;split0_train_recall_macro;split1_train_recall_macro;split2_train_recall_macro;split3_train_recall_macro;split4_train_recall_macro;mean_train_recall_macro;std_train_recall_macro;split0_test_recall_weighted;split1_test_recall_weighted;split2_test_recall_weighted;split3_test_recall_weighted;split4_test_recall_weighted;mean_test_recall_weighted;std_test_recall_weighted;rank_test_recall_weighted;split0_train_recall_weighted;split1_train_recall_weighted;split2_train_recall_weighted;split3_train_recall_weighted;split4_train_recall_weighted;mean_train_recall_weighted;std_train_recall_weighted;split0_test_precision_macro;split1_test_precision_macro;split2_test_precision_macro;split3_test_precision_macro;split4_test_precision_macro;mean_test_precision_macro;std_test_precision_macro;rank_test_precision_macro;split0_train_precision_macro;split1_train_precision_macro;split2_train_precision_macro;split3_train_precision_macro;split4_train_precision_macro;mean_train_precision_macro;std_train_precision_macro;split0_test_precision_weighted;split1_test_precision_weighted;split2_test_precision_weighted;split3_test_precision_weighted;split4_test_precision_weighted;mean_test_precision_weighted;std_test_precision_weighted;rank_test_precision_weighted;split0_train_precision_weighted;split1_train_precision_weighted;split2_train_precision_weighted;split3_train_precision_weighted;split4_train_precision_weighted;mean_train_precision_weighted;std_train_precision_weighted
0;8.119881868362427;1.8667713540067752;1.4909115314483643;1.4386733936602236;1;1;linear;{'svc__C': 1, 'svc__gamma': 1, 'svc__kernel': 'linear'};0.9846743295019157;0.982725527831094;0.9865642994241842;0.9884836852207294;0.9846449136276392;0.9854185511211124;0.001955123599826646;6;0.991362763915547;0.9918465227817745;0.992326139088729;0.9856115107913669;0.9928057553956835;0.9907905383946203;0.002633782110999143;0.6627906976744187;0.6494729760035882;0.7273678702250131;0.7470873786407767;0.7103946637020567;0.6994227172491707;0.03744360195817263;20;0.8426378051849988;0.853864579940548;0.864720194647202;0.6838609898107715;0.8791262304775819;0.8248419600122204;0.07151460571018853;0.9796251744928569;0.9781334651090615;0.9829926950848257;0.9856381491903173;0.9824812035690547;0.9817741374892233;0.0026377243533267395;20;0.990041416799481;0.9906887276049231;0.991317894589438;0.9811674677725069;0.9919624354778933;0.9890355884488485;0.003985655217616269;0.6;0.5990215264187867;0.65;0.6666666666666666;0.6647135416666666;0.6360803469504239;0.030411468723894684;20;0.763157894736842;0.7763157894736843;0.7894736842105263;0.6153846153846154;0.8076923076923077;0.7504048582995951;0.06909805685470398;0.9846743295019157;0.982725527831094;0.9865642994241842;0.9884836852207294;0.9846449136276392;0.9854185511211124;0.001955123599826646;6;0.991362763915547;0.9918465227817745;0.992326139088729;0.9856115107913669;0.9928057553956835;0.9907905383946203;0.002633782110999143;0.9923076923076923;0.8256113256113256;0.9932432432432432;0.9942084942084942;0.7941860465116279;0.9199113603764767;0.09037500663419736;4;0.9956395348837209;0.9958817829457365;0.9961221522055259;0.9927745664739884;0.9963609898107715;0.9953558052639486;0.0013128314680648518;0.9849101090480401;0.9784544621396829;0.9867458629454791;0.9886170788282113;0.9816631701111458;0.9840781366145117;0.0036295651568090614;5;0.9914380886488416;0.9919136783596378;0.9923856552179487;0.9858194369360002;0.9928581152545213;0.9908829948833899;0.0025756220671807576
1;11.379480361938477;2.732252120668161;1.5523027420043944;1.5042995690436405;1;1;rbf;{'svc__C': 1, 'svc__gamma': 1, 'svc__kernel': 'rbf'};0.9846743295019157;0.9846449136276392;0.982725527831094;0.982725527831094;0.9865642994241842;0.9842669196431855;0.0014379564346794931;16;0.9928023032629558;0.9932853717026379;0.9947242206235012;0.988009592326139;0.9942446043165467;0.9926132184463562;0.002399944439853234;0.6627906976744187;0.6627831715210357;0.5865443964377038;0.49564375605033884;0.6784234194515474;0.6172370882270088;0.068731832399452;24;0.8752230298530698;0.885392781983227;0.9140447859083669;0.7611147519947205;0.9076289207868156;0.86868085410524;0.05561904912354482;0.9796251744928569;0.9795861829069067;0.9757340961006223;0.9741635435615105;0.9823349147971088;0.978288782371801;0.0029456543191255743;24;0.9919304846266989;0.9925387101820882;0.9942848771671318;0.9852180711606443;0.9937298008483165;0.9915403887969759;0.003269442221036659;0.6;0.6;0.55;0.5;0.6111111111111112;0.5722222222222222;0.041869874847592824;24;0.8026315789473684;0.8157894736842105;0.8552631578947368;0.6794871794871795;0.8461538461538461;0.7998650472334682;0.06318809329134949;0.9846743295019157;0.9846449136276392;0.982725527831094;0.982725527831094;0.9865642994241842;0.9842669196431855;0.0014379564346794931;16;0.9928023032629558;0.9932853717026379;0.9947242206235012;0.988009592326139;0.9942446043165467;0.9926132184463562;0.002399944439853234;0.9923076923076923;0.9922928709055876;0.9913461538461539;0.491362763915547;0.9932562620423893;0.8921131486034739;0.20037610281755536;9;0.9963609898107715;0.9966035904900534;0.9973275024295433;0.9939642684693385;0.9970845481049563;0.9962681798609326;0.0012014776811453147;0.9849101090480401;0.9848816008934944;0.9830245090801712;0.9657494630509024;0.9867455131121048;0.9810622390369426;0.007746287432676378;24;0.992854688246486;0.9933309829574477;0.994752419638633;0.9881543340894644;0.9942781634750509;0.9926741176814163;0.0023573215042225737
2;8.076962661743163;1.8049762438889154;1.469508457183838;1.5117924272544465;1;0.1;linear;{'svc__C': 1, 'svc__gamma': 0.1, 'svc__kernel': 'linear'};0.9846743295019157;0.982725527831094;0.9865642994241842;0.9884836852207294;0.9846449136276392;0.9854185511211124;0.001955123599826646;6;0.991362763915547;0.9918465227817745;0.992326139088729;0.9856115107913669;0.9928057553956835;0.9907905383946203;0.002633782110999143;0.6627906976744187;0.6494729760035882;0.7273678702250131;0.7470873786407767;0.7103946637020567;0.6994227172491707;0.03744360195817263;20;0.8426378051849988;0.853864579940548;0.864720194647202;0.6838609898107715;0.8791262304775819;0.8248419600122204;0.07151460571018853;0.9796251744928569;0.9781334651090615;0.9829926950848257;0.9856381491903173;0.9824812035690547;0.9817741374892233;0.0026377243533267395;20;0.990041416799481;0.9906887276049231;0.991317894589438;0.9811674677725069;0.9919624354778933;0.9890355884488485;0.003985655217616269;0.6;0.5990215264187867;0.65;0.6666666666666666;0.6647135416666666;0.6360803469504239;0.030411468723894684;20;0.763157894736842;0.7763157894736843;0.7894736842105263;0.6153846153846154;0.8076923076923077;0.7504048582995951;0.06909805685470398;0.9846743295019157;0.982725527831094;0.9865642994241842;0.9884836852207294;0.9846449136276392;0.9854185511211124;0.001955123599826646;6;0.991362763915547;0.9918465227817745;0.992326139088729;0.9856115107913669;0.9928057553956835;0.9907905383946203;0.002633782110999143;0.9923076923076923;0.8256113256113256;0.9932432432432432;0.9942084942084942;0.7941860465116279;0.9199113603764767;0.09037500663419736;4;0.9956395348837209;0.9958817829457365;0.9961221522055259;0.9927745664739884;0.9963609898107715;0.9953558052639486;0.0013128314680648518;0.9849101090480401;0.9784544621396829;0.9867458629454791;0.9886170788282113;0.9816631701111458;0.9840781366145117;0.0036295651568090614;5;0.9914380886488416;0.9919136783596378;0.9923856552179487;0.9858194369360002;0.9928581152545213;0.9908829948833899;0.0025756220671807576
3;8.13190221786499;1.974101540289477;1.5032065391540528;1.4850153408092932;1;0.1;rbf;{'svc__C': 1, 'svc__gamma': 0.1, 'svc__kernel': 'rbf'};0.9808429118773946;0.980806142034549;0.980806142034549;0.982725527831094;0.982725527831094;0.981581250321736;0.0009343951422144376;25;0.9817658349328215;0.9817745803357314;0.9817745803357314;0.981294964028777;0.981294964028777;0.9815809847323675;0.0002335567586931876;0.4951644100580271;0.49515503875968997;0.49515503875968997;0.49564375605033884;0.49564375605033884;0.49535239993561697;0.00023791588125826284;25;0.4953995157384988;0.49540174249757984;0.49540174249757984;0.49527959331880905;0.49527959331880905;0.49535243747425534;5.9482561443838744e-05;0.9713570036387351;0.9713022065497181;0.9713022065497181;0.9741635435615105;0.9741635435615105;0.9724577007722385;0.0013929585219726345;25;0.9727326383886454;0.972745675676303;0.972745675676303;0.9720307414199361;0.9720307414199361;0.9724570945162248;0.00034814839449944136;0.5;0.5;0.5;0.5;0.5;0.5;0.0;25;0.5;0.5;0.5;0.5;0.5;0.5;0.0;0.9808429118773946;0.980806142034549;0.980806142034549;0.982725527831094;0.982725527831094;0.981581250321736;0.0009343951422144376;25;0.9817658349328215;0.9817745803357314;0.9817745803357314;0.981294964028777;0.981294964028777;0.9815809847323675;0.0002335567586931876;0.4904214559386973;0.4904030710172745;0.4904030710172745;0.491362763915547;0.491362763915547;0.490790625160868;0.0004671975711072188;25;0.4908829174664108;0.4908872901678657;0.4908872901678657;0.4906474820143885;0.4906474820143885;0.4907904923661838;0.0001167783793465938;0.9620528177801265;0.9619806882526958;0.9619806882526958;0.9657494630509024;0.9657494630509024;0.9635026240774647;0.001834725393858623;25;0.9638641546413401;0.9638813265934015;0.9638813265934015;0.9629398064282388;0.9629398064282388;0.9635012841369243;0.0004584875080363333
4;7.911988687515259;1.8452277411940778;1.426487684249878;1.4163594780300874;1;0.001;linear;{'svc__C': 1, 'svc__gamma': 0.001, 'svc__kernel': 'linear'};0.9846743295019157;0.982725527831094;0.9865642994241842;0.9884836852207294;0.9846449136276392;0.9854185511211124;0.001955123599826646;6;0.991362763915547;0.9918465227817745;0.992326139088729;0.9856115107913669;0.9928057553956835;0.9907905383946203;0.002633782110999143;0.6627906976744187;0.6494729760035882;0.7273678702250131;0.7470873786407767;0.7103946637020567;0.6994227172491707;0.03744360195817263;20;0.8426378051849988;0.853864579940548;0.864720194647202;0.6838609898107715;0.8791262304775819;0.8248419600122204;0.07151460571018853;0.9796251744928569;0.9781334651090615;0.9829926950848257;0.9856381491903173;0.9824812035690547;0.9817741374892233;0.0026377243533267395;20;0.990041416799481;0.9906887276049231;0.991317894589438;0.9811674677725069;0.9919624354778933;0.9890355884488485;0.003985655217616269;0.6;0.5990215264187867;0.65;0.6666666666666666;0.6647135416666666;0.6360803469504239;0.030411468723894684;20;0.763157894736842;0.7763157894736843;0.7894736842105263;0.6153846153846154;0.8076923076923077;0.7504048582995951;0.06909805685470398;0.9846743295019157;0.982725527831094;0.9865642994241842;0.9884836852207294;0.9846449136276392;0.9854185511211124;0.001955123599826646;6;0.991362763915547;0.9918465227817745;0.992326139088729;0.9856115107913669;0.9928057553956835;0.9907905383946203;0.002633782110999143;0.9923076923076923;0.8256113256113256;0.9932432432432432;0.9942084942084942;0.7941860465116279;0.9199113603764767;0.09037500663419736;4;0.9956395348837209;0.9958817829457365;0.9961221522055259;0.9927745664739884;0.9963609898107715;0.9953558052639486;0.0013128314680648518;0.9849101090480401;0.9784544621396829;0.9867458629454791;0.9886170788282113;0.9816631701111458;0.9840781366145117;0.0036295651568090614;5;0.9914380886488416;0.9919136783596378;0.9923856552179487;0.9858194369360002;0.9928581152545213;0.9908829948833899;0.0025756220671807576
5;7.0626201152801515;1.7158536713120829;1.380413007736206;1.387907942539263;1;0.001;rbf;{'svc__C': 1, 'svc__gamma': 0.001, 'svc__kernel': 'rbf'};0.9808429118773946;0.980806142034549;0.980806142034549;0.982725527831094;0.982725527831094;0.981581250321736;0.0009343951422144376;25;0.9817658349328215;0.9817745803357314;0.9817745803357314;0.981294964028777;0.981294964028777;0.9815809847323675;0.0002335567586931876;0.4951644100580271;0.49515503875968997;0.49515503875968997;0.49564375605033884;0.49564375605033884;0.49535239993561697;0.00023791588125826284;25;0.4953995157384988;0.49540174249757984;0.49540174249757984;0.49527959331880905;0.49527959331880905;0.49535243747425534;5.9482561443838744e-05;0.9713570036387351;0.9713022065497181;0.9713022065497181;0.9741635435615105;0.9741635435615105;0.9724577007722385;0.0013929585219726345;25;0.9727326383886454;0.972745675676303;0.972745675676303;0.9720307414199361;0.9720307414199361;0.9724570945162248;0.00034814839449944136;0.5;0.5;0.5;0.5;0.5;0.5;0.0;25;0.5;0.5;0.5;0.5;0.5;0.5;0.0;0.9808429118773946;0.980806142034549;0.980806142034549;0.982725527831094;0.982725527831094;0.981581250321736;0.0009343951422144376;25;0.9817658349328215;0.9817745803357314;0.9817745803357314;0.981294964028777;0.981294964028777;0.9815809847323675;0.0002335567586931876;0.4904214559386973;0.4904030710172745;0.4904030710172745;0.491362763915547;0.491362763915547;0.490790625160868;0.0004671975711072188;25;0.4908829174664108;0.4908872901678657;0.4908872901678657;0.4906474820143885;0.4906474820143885;0.4907904923661838;0.0001167783793465938;0.9620528177801265;0.9619806882526958;0.9619806882526958;0.9657494630509024;0.9657494630509024;0.9635026240774647;0.001834725393858623;25;0.9638641546413401;0.9638813265934015;0.9638813265934015;0.9629398064282388;0.9629398064282388;0.9635012841369243;0.0004584875080363333
6;8.222625637054444;2.1153020918496246;1.414255142211914;1.3642872925611915;1;0.0001;linear;{'svc__C': 1, 'svc__gamma': 0.0001, 'svc__kernel': 'linear'};0.9846743295019157;0.982725527831094;0.9865642994241842;0.9884836852207294;0.9846449136276392;0.9854185511211124;0.001955123599826646;6;0.991362763915547;0.9918465227817745;0.992326139088729;0.9856115107913669;0.9928057553956835;0.9907905383946203;0.002633782110999143;0.6627906976744187;0.6494729760035882;0.7273678702250131;0.7470873786407767;0.7103946637020567;0.6994227172491707;0.03744360195817263;20;0.8426378051849988;0.853864579940548;0.864720194647202;0.6838609898107715;0.8791262304775819;0.8248419600122204;0.07151460571018853;0.9796251744928569;0.9781334651090615;0.9829926950848257;0.9856381491903173;0.9824812035690547;0.9817741374892233;0.0026377243533267395;20;0.990041416799481;0.9906887276049231;0.991317894589438;0.9811674677725069;0.9919624354778933;0.9890355884488485;0.003985655217616269;0.6;0.5990215264187867;0.65;0.6666666666666666;0.6647135416666666;0.6360803469504239;0.030411468723894684;20;0.763157894736842;0.7763157894736843;0.7894736842105263;0.6153846153846154;0.8076923076923077;0.7504048582995951;0.06909805685470398;0.9846743295019157;0.982725527831094;0.9865642994241842;0.9884836852207294;0.9846449136276392;0.9854185511211124;0.001955123599826646;6;0.991362763915547;0.9918465227817745;0.992326139088729;0.9856115107913669;0.9928057553956835;0.9907905383946203;0.002633782110999143;0.9923076923076923;0.8256113256113256;0.9932432432432432;0.9942084942084942;0.7941860465116279;0.9199113603764767;0.09037500663419736;4;0.9956395348837209;0.9958817829457365;0.9961221522055259;0.9927745664739884;0.9963609898107715;0.9953558052639486;0.0013128314680648518;0.9849101090480401;0.9784544621396829;0.9867458629454791;0.9886170788282113;0.9816631701111458;0.9840781366145117;0.0036295651568090614;5;0.9914380886488416;0.9919136783596378;0.9923856552179487;0.9858194369360002;0.9928581152545213;0.9908829948833899;0.0025756220671807576
7;6.35564022064209;1.5201606293331176;1.3858952045440673;1.355985102329261;1;0.0001;rbf;{'svc__C': 1, 'svc__gamma': 0.0001, 'svc__kernel': 'rbf'};0.9808429118773946;0.980806142034549;0.980806142034549;0.982725527831094;0.982725527831094;0.981581250321736;0.0009343951422144376;25;0.9817658349328215;0.9817745803357314;0.9817745803357314;0.981294964028777;0.981294964028777;0.9815809847323675;0.0002335567586931876;0.4951644100580271;0.49515503875968997;0.49515503875968997;0.49564375605033884;0.49564375605033884;0.49535239993561697;0.00023791588125826284;25;0.4953995157384988;0.49540174249757984;0.49540174249757984;0.49527959331880905;0.49527959331880905;0.49535243747425534;5.9482561443838744e-05;0.9713570036387351;0.9713022065497181;0.9713022065497181;0.9741635435615105;0.9741635435615105;0.9724577007722385;0.0013929585219726345;25;0.9727326383886454;0.972745675676303;0.972745675676303;0.9720307414199361;0.9720307414199361;0.9724570945162248;0.00034814839449944136;0.5;0.5;0.5;0.5;0.5;0.5;0.0;25;0.5;0.5;0.5;0.5;0.5;0.5;0.0;0.9808429118773946;0.980806142034549;0.980806142034549;0.982725527831094;0.982725527831094;0.981581250321736;0.0009343951422144376;25;0.9817658349328215;0.9817745803357314;0.9817745803357314;0.981294964028777;0.981294964028777;0.9815809847323675;0.0002335567586931876;0.4904214559386973;0.4904030710172745;0.4904030710172745;0.491362763915547;0.491362763915547;0.490790625160868;0.0004671975711072188;25;0.4908829174664108;0.4908872901678657;0.4908872901678657;0.4906474820143885;0.4906474820143885;0.4907904923661838;0.0001167783793465938;0.9620528177801265;0.9619806882526958;0.9619806882526958;0.9657494630509024;0.9657494630509024;0.9635026240774647;0.001834725393858623;25;0.9638641546413401;0.9638813265934015;0.9638813265934015;0.9629398064282388;0.9629398064282388;0.9635012841369243;0.0004584875080363333
8;8.123781776428222;1.8285640040757316;1.4863369464874268;1.4470746431037655;10;1;linear;{'svc__C': 10, 'svc__gamma': 1, 'svc__kernel': 'linear'};0.9789272030651341;0.982725527831094;0.9846449136276392;0.9942418426103646;0.980806142034549;0.9842691258337564;0.005338677492147207;12;1.0;1.0;1.0;1.0;1.0;1.0;0.0;0.7327188940092166;0.7309038737446198;0.7461013645224172;0.898539435248296;0.6826267056530214;0.7581780546355141;0.07341283232208555;4;1.0;1.0;1.0;1.0;1.0;1.0;0.0;0.9794186368157447;0.9812265894139126;0.9827554597733403;0.9936744370331191;0.9796252333756121;0.9833400712823458;0.005306323786663715;7;1.0;1.0;1.0;1.0;1.0;1.0;0.0;0.744140625;0.6970645792563601;0.6980430528375734;0.8333333333333333;0.6627604166666666;0.7270684014187867;0.05909638513531013;3;1.0;1.0;1.0;1.0;1.0;1.0;0.0;0.9789272030651341;0.982725527831094;0.9846449136276392;0.9942418426103646;0.980806142034549;0.9842691258337564;0.005338677492147207;12;1.0;1.0;1.0;1.0;1.0;1.0;0.0;0.7223803593666607;0.7798777098387993;0.8275080906148867;0.9970873786407767;0.7084491384102279;0.8070605353742701;0.10407895993054792;13;1.0;1.0;1.0;1.0;1.0;1.0;0.0;0.979953390439928;0.9803249619376941;0.9821751796706608;0.9942753852747703;0.9786573688304123;0.9830772572306932;0.00571105773378467;12;1.0;1.0;1.0;1.0;1.0;1.0;0.0
9;12.019659805297852;2.7710555880859475;1.5999507904052734;1.5152388612089738;10;1;rbf;{'svc__C': 10, 'svc__gamma': 1, 'svc__kernel': 'rbf'};0.9865900383141762;0.9846449136276392;0.9865642994241842;0.9904030710172744;0.9846449136276392;0.9865694472021825;0.002102607001236345;2;1.0;1.0;1.0;1.0;1.0;1.0;0.0;0.7273744684025963;0.7103946637020566;0.7273678702250131;0.8052627644464379;0.7103946637020567;0.7361588860956321;0.035376218759096856;16;1.0;1.0;1.0;1.0;1.0;1.0;0.0;0.9830251876474158;0.9813993485397624;0.9829926950848257;0.9885808239053568;0.9824812035690547;0.9836958517492832;0.002512228882526084;2;1.0;1.0;1.0;1.0;1.0;1.0;0.0;0.65;0.6490215264187866;0.65;0.7222222222222222;0.6647135416666666;0.667191458061535;0.028127438384020372;16;1.0;1.0;1.0;1.0;1.0;1.0;0.0;0.9865900383141762;0.9846449136276392;0.9865642994241842;0.9904030710172744;0.9846449136276392;0.9865694472021825;0.002102607001236345;2;1.0;1.0;1.0;1.0;1.0;1.0;0.0;0.9932562620423893;0.8682301740812379;0.9932432432432432;0.995164410058027;0.7941860465116279;0.9288160271873049;0.08306791828351062;1;1.0;1.0;1.0;1.0;1.0;1.0;0.0;0.986770904849438;0.9819217618253842;0.9867458629454791;0.9904958846437998;0.9816631701111458;0.9855195168750495;0.003336147013475932;2;1.0;1.0;1.0;1.0;1.0;1.0;0.0
10;8.196182155609131;1.8448902466180603;1.4422749519348144;1.4116451090797744;10;0.1;linear;{'svc__C': 10, 'svc__gamma': 0.1, 'svc__kernel': 'linear'};0.9789272030651341;0.982725527831094;0.9846449136276392;0.9942418426103646;0.980806142034549;0.9842691258337564;0.005338677492147207;12;1.0;1.0;1.0;1.0;1.0;1.0;0.0;0.7327188940092166;0.7309038737446198;0.7461013645224172;0.898539435248296;0.6826267056530214;0.7581780546355141;0.07341283232208555;4;1.0;1.0;1.0;1.0;1.0;1.0;0.0;0.9794186368157447;0.9812265894139126;0.9827554597733403;0.9936744370331191;0.9796252333756121;0.9833400712823458;0.005306323786663715;7;1.0;1.0;1.0;1.0;1.0;1.0;0.0;0.744140625;0.6970645792563601;0.6980430528375734;0.8333333333333333;0.6627604166666666;0.7270684014187867;0.05909638513531013;3;1.0;1.0;1.0;1.0;1.0;1.0;0.0;0.9789272030651341;0.982725527831094;0.9846449136276392;0.9942418426103646;0.980806142034549;0.9842691258337564;0.005338677492147207;12;1.0;1.0;1.0;1.0;1.0;1.0;0.0;0.7223803593666607;0.7798777098387993;0.8275080906148867;0.9970873786407767;0.7084491384102279;0.8070605353742701;0.10407895993054792;13;1.0;1.0;1.0;1.0;1.0;1.0;0.0;0.979953390439928;0.9803249619376941;0.9821751796706608;0.9942753852747703;0.9786573688304123;0.9830772572306932;0.00571105773378467;12;1.0;1.0;1.0;1.0;1.0;1.0;0.0
11;8.367814826965333;1.990394278708447;1.4143267154693604;1.3591473860841892;10;0.1;rbf;{'svc__C': 10, 'svc__gamma': 0.1, 'svc__kernel': 'rbf'};0.9827586206896551;0.9846449136276392;0.9865642994241842;0.9904030710172744;0.9846449136276392;0.9858031636772784;0.0025957967378141046;5;0.996641074856046;0.9971223021582734;0.9961630695443645;0.9932853717026379;0.9985611510791367;0.9963545938680916;0.0017318861607149474;0.6956268221574344;0.7103946637020566;0.7273678702250131;0.8052627644464379;0.7103946637020567;0.7298093568465998;0.039042243462486165;19;0.9498499417299502;0.956411149825784;0.9402013365072992;0.8889201777886021;0.9796336996336996;0.943003261097067;0.030004227118169448;0.9799269461479173;0.9813993485397624;0.9829926950848257;0.9885808239053568;0.9824812035690547;0.9830762034493834;0.002945895748583819;11;0.9965248524687482;0.997001077883338;0.99594110927451;0.9925624064800767;0.998532901151606;0.9961124694516558;0.0019723329193752012;0.648046875;0.6490215264187866;0.65;0.7222222222222222;0.6647135416666666;0.666800833061535;0.02837593995306476;19;0.92080825230231;0.9210526315789473;0.8947368421052632;0.8205128205128205;0.9615384615384616;0.9037298016075604;0.04677506673964114;0.9827586206896551;0.9846449136276392;0.9865642994241842;0.9904030710172744;0.9846449136276392;0.9858031636772784;0.0025957967378141046;5;0.996641074856046;0.9971223021582734;0.9961630695443645;0.9932853717026379;0.9985611510791367;0.9963545938680916;0.0017318861607149474;0.793230174081238;0.8682301740812379;0.9932432432432432;0.995164410058027;0.7941860465116279;0.8888108095950749;0.09025551258631591;10;0.9833857837270807;0.9985387238188017;0.9980535279805353;0.9966019417475729;0.9992679355783309;0.9951695825704643;0.005956077891535373;0.9790568932168345;0.9819217618253842;0.9867458629454791;0.9904958846437998;0.9816631701111458;0.9839767145485286;0.00409750465696641;9;0.9965753895679939;0.997130712380899;0.9961780064999095;0.9933310050988334;0.998563257739343;0.9963556742573957;0.0017147928791063434
12;8.292528820037841;1.9086433725027716;1.4604550361633302;1.4801118509491926;10;0.001;linear;{'svc__C': 10, 'svc__gamma': 0.001, 'svc__kernel': 'linear'};0.9789272030651341;0.982725527831094;0.9846449136276392;0.9942418426103646;0.980806142034549;0.9842691258337564;0.005338677492147207;12;1.0;1.0;1.0;1.0;1.0;1.0;0.0;0.7327188940092166;0.7309038737446198;0.7461013645224172;0.898539435248296;0.6826267056530214;0.7581780546355141;0.07341283232208555;4;1.0;1.0;1.0;1.0;1.0;1.0;0.0;0.9794186368157447;0.9812265894139126;0.9827554597733403;0.9936744370331191;0.9796252333756121;0.9833400712823458;0.005306323786663715;7;1.0;1.0;1.0;1.0;1.0;1.0;0.0;0.744140625;0.6970645792563601;0.6980430528375734;0.8333333333333333;0.6627604166666666;0.7270684014187867;0.05909638513531013;3;1.0;1.0;1.0;1.0;1.0;1.0;0.0;0.9789272030651341;0.982725527831094;0.9846449136276392;0.9942418426103646;0.980806142034549;0.9842691258337564;0.005338677492147207;12;1.0;1.0;1.0;1.0;1.0;1.0;0.0;0.7223803593666607;0.7798777098387993;0.8275080906148867;0.9970873786407767;0.7084491384102279;0.8070605353742701;0.10407895993054792;13;1.0;1.0;1.0;1.0;1.0;1.0;0.0;0.979953390439928;0.9803249619376941;0.9821751796706608;0.9942753852747703;0.9786573688304123;0.9830772572306932;0.00571105773378467;12;1.0;1.0;1.0;1.0;1.0;1.0;0.0
13;7.543112659454346;1.7562335115466623;1.483820867538452;1.4774114037111714;10;0.001;rbf;{'svc__C': 10, 'svc__gamma': 0.001, 'svc__kernel': 'rbf'};0.9808429118773946;0.980806142034549;0.980806142034549;0.982725527831094;0.982725527831094;0.981581250321736;0.0009343951422144376;25;0.9817658349328215;0.9817745803357314;0.9817745803357314;0.981294964028777;0.981294964028777;0.9815809847323675;0.0002335567586931876;0.4951644100580271;0.49515503875968997;0.49515503875968997;0.49564375605033884;0.49564375605033884;0.49535239993561697;0.00023791588125826284;25;0.4953995157384988;0.49540174249757984;0.49540174249757984;0.49527959331880905;0.49527959331880905;0.49535243747425534;5.9482561443838744e-05;0.9713570036387351;0.9713022065497181;0.9713022065497181;0.9741635435615105;0.9741635435615105;0.9724577007722385;0.0013929585219726345;25;0.9727326383886454;0.972745675676303;0.972745675676303;0.9720307414199361;0.9720307414199361;0.9724570945162248;0.00034814839449944136;0.5;0.5;0.5;0.5;0.5;0.5;0.0;25;0.5;0.5;0.5;0.5;0.5;0.5;0.0;0.9808429118773946;0.980806142034549;0.980806142034549;0.982725527831094;0.982725527831094;0.981581250321736;0.0009343951422144376;25;0.9817658349328215;0.9817745803357314;0.9817745803357314;0.981294964028777;0.981294964028777;0.9815809847323675;0.0002335567586931876;0.4904214559386973;0.4904030710172745;0.4904030710172745;0.491362763915547;0.491362763915547;0.490790625160868;0.0004671975711072188;25;0.4908829174664108;0.4908872901678657;0.4908872901678657;0.4906474820143885;0.4906474820143885;0.4907904923661838;0.0001167783793465938;0.9620528177801265;0.9619806882526958;0.9619806882526958;0.9657494630509024;0.9657494630509024;0.9635026240774647;0.001834725393858623;25;0.9638641546413401;0.9638813265934015;0.9638813265934015;0.9629398064282388;0.9629398064282388;0.9635012841369243;0.0004584875080363333
14;8.005889654159546;1.8055977185903918;1.408291721343994;1.3611505774644048;10;0.0001;linear;{'svc__C': 10, 'svc__gamma': 0.0001, 'svc__kernel': 'linear'};0.9789272030651341;0.982725527831094;0.9846449136276392;0.9942418426103646;0.980806142034549;0.9842691258337564;0.005338677492147207;12;1.0;1.0;1.0;1.0;1.0;1.0;0.0;0.7327188940092166;0.7309038737446198;0.7461013645224172;0.898539435248296;0.6826267056530214;0.7581780546355141;0.07341283232208555;4;1.0;1.0;1.0;1.0;1.0;1.0;0.0;0.9794186368157447;0.9812265894139126;0.9827554597733403;0.9936744370331191;0.9796252333756121;0.9833400712823458;0.005306323786663715;7;1.0;1.0;1.0;1.0;1.0;1.0;0.0;0.744140625;0.6970645792563601;0.6980430528375734;0.8333333333333333;0.6627604166666666;0.7270684014187867;0.05909638513531013;3;1.0;1.0;1.0;1.0;1.0;1.0;0.0;0.9789272030651341;0.982725527831094;0.9846449136276392;0.9942418426103646;0.980806142034549;0.9842691258337564;0.005338677492147207;12;1.0;1.0;1.0;1.0;1.0;1.0;0.0;0.7223803593666607;0.7798777098387993;0.8275080906148867;0.9970873786407767;0.7084491384102279;0.8070605353742701;0.10407895993054792;13;1.0;1.0;1.0;1.0;1.0;1.0;0.0;0.979953390439928;0.9803249619376941;0.9821751796706608;0.9942753852747703;0.9786573688304123;0.9830772572306932;0.00571105773378467;12;1.0;1.0;1.0;1.0;1.0;1.0;0.0
15;6.848252487182617;1.6354130886837326;1.3718657970428467;1.3303914587323529;10;0.0001;rbf;{'svc__C': 10, 'svc__gamma': 0.0001, 'svc__kernel': 'rbf'};0.9808429118773946;0.980806142034549;0.980806142034549;0.982725527831094;0.982725527831094;0.981581250321736;0.0009343951422144376;25;0.9817658349328215;0.9817745803357314;0.9817745803357314;0.981294964028777;0.981294964028777;0.9815809847323675;0.0002335567586931876;0.4951644100580271;0.49515503875968997;0.49515503875968997;0.49564375605033884;0.49564375605033884;0.49535239993561697;0.00023791588125826284;25;0.4953995157384988;0.49540174249757984;0.49540174249757984;0.49527959331880905;0.49527959331880905;0.49535243747425534;5.9482561443838744e-05;0.9713570036387351;0.9713022065497181;0.9713022065497181;0.9741635435615105;0.9741635435615105;0.9724577007722385;0.0013929585219726345;25;0.9727326383886454;0.972745675676303;0.972745675676303;0.9720307414199361;0.9720307414199361;0.9724570945162248;0.00034814839449944136;0.5;0.5;0.5;0.5;0.5;0.5;0.0;25;0.5;0.5;0.5;0.5;0.5;0.5;0.0;0.9808429118773946;0.980806142034549;0.980806142034549;0.982725527831094;0.982725527831094;0.981581250321736;0.0009343951422144376;25;0.9817658349328215;0.9817745803357314;0.9817745803357314;0.981294964028777;0.981294964028777;0.9815809847323675;0.0002335567586931876;0.4904214559386973;0.4904030710172745;0.4904030710172745;0.491362763915547;0.491362763915547;0.490790625160868;0.0004671975711072188;25;0.4908829174664108;0.4908872901678657;0.4908872901678657;0.4906474820143885;0.4906474820143885;0.4907904923661838;0.0001167783793465938;0.9620528177801265;0.9619806882526958;0.9619806882526958;0.9657494630509024;0.9657494630509024;0.9635026240774647;0.001834725393858623;25;0.9638641546413401;0.9638813265934015;0.9638813265934015;0.9629398064282388;0.9629398064282388;0.9635012841369243;0.0004584875080363333
16;8.153340673446655;1.88007451487129;1.455331039428711;1.4135619263383519;100;1;linear;{'svc__C': 100, 'svc__gamma': 1, 'svc__kernel': 'linear'};0.9770114942528736;0.980806142034549;0.9846449136276392;0.9923224568138196;0.980806142034549;0.983118229752686;0.005196773559514311;17;1.0;1.0;1.0;1.0;1.0;1.0;0.0;0.7214018857854474;0.7173394097222223;0.7461013645224172;0.8551973318510284;0.6826267056530214;0.7445333395068273;0.058916862081259;8;1.0;1.0;1.0;1.0;1.0;1.0;0.0;0.9780339326867433;0.9797585605939434;0.9827554597733403;0.9912406017845273;0.9796252333756121;0.9822827576428335;0.00473186936529433;12;1.0;1.0;1.0;1.0;1.0;1.0;0.0;0.7431640625;0.6960861056751468;0.6980430528375734;0.7777777777777778;0.6627604166666666;0.7155662830914329;0.04026638284962548;7;1.0;1.0;1.0;1.0;1.0;1.0;0.0;0.9770114942528736;0.980806142034549;0.9846449136276392;0.9923224568138196;0.980806142034549;0.983118229752686;0.005196773559514311;17;1.0;1.0;1.0;1.0;1.0;1.0;0.0;0.7034313725490197;0.7441520467836258;0.8275080906148867;0.9961240310077519;0.7084491384102279;0.7959329358731024;0.10951226367763488;17;1.0;1.0;1.0;1.0;1.0;1.0;0.0;0.9792089249492901;0.9789316541513733;0.9821751796706608;0.9923819726524721;0.9786573688304123;0.9822710200508418;0.00521204017742148;16;1.0;1.0;1.0;1.0;1.0;1.0;0.0
17;12.148575973510741;2.8441501343122337;1.5386507987976075;1.4080200615432548;100;1;rbf;{'svc__C': 100, 'svc__gamma': 1, 'svc__kernel': 'rbf'};0.9865900383141762;0.9846449136276392;0.9865642994241842;0.9904030710172744;0.9846449136276392;0.9865694472021825;0.002102607001236345;2;1.0;1.0;1.0;1.0;1.0;1.0;0.0;0.7273744684025963;0.7103946637020566;0.7273678702250131;0.8052627644464379;0.7103946637020567;0.7361588860956321;0.035376218759096856;16;1.0;1.0;1.0;1.0;1.0;1.0;0.0;0.9830251876474158;0.9813993485397624;0.9829926950848257;0.9885808239053568;0.9824812035690547;0.9836958517492832;0.002512228882526084;2;1.0;1.0;1.0;1.0;1.0;1.0;0.0;0.65;0.6490215264187866;0.65;0.7222222222222222;0.6647135416666666;0.667191458061535;0.028127438384020372;16;1.0;1.0;1.0;1.0;1.0;1.0;0.0;0.9865900383141762;0.9846449136276392;0.9865642994241842;0.9904030710172744;0.9846449136276392;0.9865694472021825;0.002102607001236345;2;1.0;1.0;1.0;1.0;1.0;1.0;0.0;0.9932562620423893;0.8682301740812379;0.9932432432432432;0.995164410058027;0.7941860465116279;0.9288160271873049;0.08306791828351062;1;1.0;1.0;1.0;1.0;1.0;1.0;0.0;0.986770904849438;0.9819217618253842;0.9867458629454791;0.9904958846437998;0.9816631701111458;0.9855195168750495;0.003336147013475932;2;1.0;1.0;1.0;1.0;1.0;1.0;0.0
18;8.233044576644897;1.8818344365802142;1.4380793571472168;1.3924462145055567;100;0.1;linear;{'svc__C': 100, 'svc__gamma': 0.1, 'svc__kernel': 'linear'};0.9770114942528736;0.980806142034549;0.9846449136276392;0.9923224568138196;0.980806142034549;0.983118229752686;0.005196773559514311;17;1.0;1.0;1.0;1.0;1.0;1.0;0.0;0.7214018857854474;0.7173394097222223;0.7461013645224172;0.8551973318510284;0.6826267056530214;0.7445333395068273;0.058916862081259;8;1.0;1.0;1.0;1.0;1.0;1.0;0.0;0.9780339326867433;0.9797585605939434;0.9827554597733403;0.9912406017845273;0.9796252333756121;0.9822827576428335;0.00473186936529433;12;1.0;1.0;1.0;1.0;1.0;1.0;0.0;0.7431640625;0.6960861056751468;0.6980430528375734;0.7777777777777778;0.6627604166666666;0.7155662830914329;0.04026638284962548;7;1.0;1.0;1.0;1.0;1.0;1.0;0.0;0.9770114942528736;0.980806142034549;0.9846449136276392;0.9923224568138196;0.980806142034549;0.983118229752686;0.005196773559514311;17;1.0;1.0;1.0;1.0;1.0;1.0;0.0;0.7034313725490197;0.7441520467836258;0.8275080906148867;0.9961240310077519;0.7084491384102279;0.7959329358731024;0.10951226367763488;17;1.0;1.0;1.0;1.0;1.0;1.0;0.0;0.9792089249492901;0.9789316541513733;0.9821751796706608;0.9923819726524721;0.9786573688304123;0.9822710200508418;0.00521204017742148;16;1.0;1.0;1.0;1.0;1.0;1.0;0.0
19;8.517060565948487;2.106538788689216;1.3932786941528321;1.3351518446048134;100;0.1;rbf;{'svc__C': 100, 'svc__gamma': 0.1, 'svc__kernel': 'rbf'};0.9770114942528736;0.9846449136276392;0.9846449136276392;0.9942418426103646;0.980806142034549;0.9842698612306131;0.005734160498135082;10;1.0;1.0;1.0;1.0;1.0;1.0;0.0;0.7214018857854474;0.7461013645224172;0.7461013645224172;0.898539435248296;0.6826267056530214;0.7589541511463198;0.07355337022202908;1;1.0;1.0;1.0;1.0;1.0;1.0;0.0;0.9780339326867433;0.9827554597733403;0.9827554597733403;0.9936744370331191;0.9796252333756121;0.983368904528431;0.00546687529384616;5;1.0;1.0;1.0;1.0;1.0;1.0;0.0;0.7431640625;0.6980430528375734;0.6980430528375734;0.8333333333333333;0.6627604166666666;0.7270687836350294;0.05894364203731365;1;1.0;1.0;1.0;1.0;1.0;1.0;0.0;0.9770114942528736;0.9846449136276392;0.9846449136276392;0.9942418426103646;0.980806142034549;0.9842698612306131;0.005734160498135082;10;1.0;1.0;1.0;1.0;1.0;1.0;0.0;0.7034313725490197;0.8275080906148867;0.8275080906148867;0.9970873786407767;0.7084491384102279;0.8127968141659595;0.10700008665384514;11;1.0;1.0;1.0;1.0;1.0;1.0;0.0;0.9792089249492901;0.9821751796706608;0.9821751796706608;0.9942753852747703;0.9786573688304123;0.983298407679159;0.005679444163757125;10;1.0;1.0;1.0;1.0;1.0;1.0;0.0
20;8.033656930923462;1.8028356530966696;1.4554097175598144;1.4018580150096258;100;0.001;linear;{'svc__C': 100, 'svc__gamma': 0.001, 'svc__kernel': 'linear'};0.9770114942528736;0.980806142034549;0.9846449136276392;0.9923224568138196;0.980806142034549;0.983118229752686;0.005196773559514311;17;1.0;1.0;1.0;1.0;1.0;1.0;0.0;0.7214018857854474;0.7173394097222223;0.7461013645224172;0.8551973318510284;0.6826267056530214;0.7445333395068273;0.058916862081259;8;1.0;1.0;1.0;1.0;1.0;1.0;0.0;0.9780339326867433;0.9797585605939434;0.9827554597733403;0.9912406017845273;0.9796252333756121;0.9822827576428335;0.00473186936529433;12;1.0;1.0;1.0;1.0;1.0;1.0;0.0;0.7431640625;0.6960861056751468;0.6980430528375734;0.7777777777777778;0.6627604166666666;0.7155662830914329;0.04026638284962548;7;1.0;1.0;1.0;1.0;1.0;1.0;0.0;0.9770114942528736;0.980806142034549;0.9846449136276392;0.9923224568138196;0.980806142034549;0.983118229752686;0.005196773559514311;17;1.0;1.0;1.0;1.0;1.0;1.0;0.0;0.7034313725490197;0.7441520467836258;0.8275080906148867;0.9961240310077519;0.7084491384102279;0.7959329358731024;0.10951226367763488;17;1.0;1.0;1.0;1.0;1.0;1.0;0.0;0.9792089249492901;0.9789316541513733;0.9821751796706608;0.9923819726524721;0.9786573688304123;0.9822710200508418;0.00521204017742148;16;1.0;1.0;1.0;1.0;1.0;1.0;0.0
21;8.051721620559693;1.6331588041098628;1.4744792938232423;1.4354071941568625;100;0.001;rbf;{'svc__C': 100, 'svc__gamma': 0.001, 'svc__kernel': 'rbf'};0.9808429118773946;0.980806142034549;0.980806142034549;0.982725527831094;0.982725527831094;0.981581250321736;0.0009343951422144376;25;0.9817658349328215;0.9817745803357314;0.9817745803357314;0.981294964028777;0.981294964028777;0.9815809847323675;0.0002335567586931876;0.4951644100580271;0.49515503875968997;0.49515503875968997;0.49564375605033884;0.49564375605033884;0.49535239993561697;0.00023791588125826284;25;0.4953995157384988;0.49540174249757984;0.49540174249757984;0.49527959331880905;0.49527959331880905;0.49535243747425534;5.9482561443838744e-05;0.9713570036387351;0.9713022065497181;0.9713022065497181;0.9741635435615105;0.9741635435615105;0.9724577007722385;0.0013929585219726345;25;0.9727326383886454;0.972745675676303;0.972745675676303;0.9720307414199361;0.9720307414199361;0.9724570945162248;0.00034814839449944136;0.5;0.5;0.5;0.5;0.5;0.5;0.0;25;0.5;0.5;0.5;0.5;0.5;0.5;0.0;0.9808429118773946;0.980806142034549;0.980806142034549;0.982725527831094;0.982725527831094;0.981581250321736;0.0009343951422144376;25;0.9817658349328215;0.9817745803357314;0.9817745803357314;0.981294964028777;0.981294964028777;0.9815809847323675;0.0002335567586931876;0.4904214559386973;0.4904030710172745;0.4904030710172745;0.491362763915547;0.491362763915547;0.490790625160868;0.0004671975711072188;25;0.4908829174664108;0.4908872901678657;0.4908872901678657;0.4906474820143885;0.4906474820143885;0.4907904923661838;0.0001167783793465938;0.9620528177801265;0.9619806882526958;0.9619806882526958;0.9657494630509024;0.9657494630509024;0.9635026240774647;0.001834725393858623;25;0.9638641546413401;0.9638813265934015;0.9638813265934015;0.9629398064282388;0.9629398064282388;0.9635012841369243;0.0004584875080363333
22;8.265636205673218;1.875231219490503;1.435288381576538;1.4198551908540558;100;0.0001;linear;{'svc__C': 100, 'svc__gamma': 0.0001, 'svc__kernel': 'linear'};0.9770114942528736;0.980806142034549;0.9846449136276392;0.9923224568138196;0.980806142034549;0.983118229752686;0.005196773559514311;17;1.0;1.0;1.0;1.0;1.0;1.0;0.0;0.7214018857854474;0.7173394097222223;0.7461013645224172;0.8551973318510284;0.6826267056530214;0.7445333395068273;0.058916862081259;8;1.0;1.0;1.0;1.0;1.0;1.0;0.0;0.9780339326867433;0.9797585605939434;0.9827554597733403;0.9912406017845273;0.9796252333756121;0.9822827576428335;0.00473186936529433;12;1.0;1.0;1.0;1.0;1.0;1.0;0.0;0.7431640625;0.6960861056751468;0.6980430528375734;0.7777777777777778;0.6627604166666666;0.7155662830914329;0.04026638284962548;7;1.0;1.0;1.0;1.0;1.0;1.0;0.0;0.9770114942528736;0.980806142034549;0.9846449136276392;0.9923224568138196;0.980806142034549;0.983118229752686;0.005196773559514311;17;1.0;1.0;1.0;1.0;1.0;1.0;0.0;0.7034313725490197;0.7441520467836258;0.8275080906148867;0.9961240310077519;0.7084491384102279;0.7959329358731024;0.10951226367763488;17;1.0;1.0;1.0;1.0;1.0;1.0;0.0;0.9792089249492901;0.9789316541513733;0.9821751796706608;0.9923819726524721;0.9786573688304123;0.9822710200508418;0.00521204017742148;16;1.0;1.0;1.0;1.0;1.0;1.0;0.0
23;7.663762855529785;1.7760057930728976;1.4090335369110107;1.37939178913663;100;0.0001;rbf;{'svc__C': 100, 'svc__gamma': 0.0001, 'svc__kernel': 'rbf'};0.9808429118773946;0.980806142034549;0.980806142034549;0.982725527831094;0.982725527831094;0.981581250321736;0.0009343951422144376;25;0.9817658349328215;0.9817745803357314;0.9817745803357314;0.981294964028777;0.981294964028777;0.9815809847323675;0.0002335567586931876;0.4951644100580271;0.49515503875968997;0.49515503875968997;0.49564375605033884;0.49564375605033884;0.49535239993561697;0.00023791588125826284;25;0.4953995157384988;0.49540174249757984;0.49540174249757984;0.49527959331880905;0.49527959331880905;0.49535243747425534;5.9482561443838744e-05;0.9713570036387351;0.9713022065497181;0.9713022065497181;0.9741635435615105;0.9741635435615105;0.9724577007722385;0.0013929585219726345;25;0.9727326383886454;0.972745675676303;0.972745675676303;0.9720307414199361;0.9720307414199361;0.9724570945162248;0.00034814839449944136;0.5;0.5;0.5;0.5;0.5;0.5;0.0;25;0.5;0.5;0.5;0.5;0.5;0.5;0.0;0.9808429118773946;0.980806142034549;0.980806142034549;0.982725527831094;0.982725527831094;0.981581250321736;0.0009343951422144376;25;0.9817658349328215;0.9817745803357314;0.9817745803357314;0.981294964028777;0.981294964028777;0.9815809847323675;0.0002335567586931876;0.4904214559386973;0.4904030710172745;0.4904030710172745;0.491362763915547;0.491362763915547;0.490790625160868;0.0004671975711072188;25;0.4908829174664108;0.4908872901678657;0.4908872901678657;0.4906474820143885;0.4906474820143885;0.4907904923661838;0.0001167783793465938;0.9620528177801265;0.9619806882526958;0.9619806882526958;0.9657494630509024;0.9657494630509024;0.9635026240774647;0.001834725393858623;25;0.9638641546413401;0.9638813265934015;0.9638813265934015;0.9629398064282388;0.9629398064282388;0.9635012841369243;0.0004584875080363333
24;8.126813793182373;1.795098826004025;1.4441428661346436;1.3687467081864502;1000;1;linear;{'svc__C': 1000, 'svc__gamma': 1, 'svc__kernel': 'linear'};0.9770114942528736;0.980806142034549;0.9846449136276392;0.9923224568138196;0.980806142034549;0.983118229752686;0.005196773559514311;17;1.0;1.0;1.0;1.0;1.0;1.0;0.0;0.7214018857854474;0.7173394097222223;0.7461013645224172;0.8551973318510284;0.6826267056530214;0.7445333395068273;0.058916862081259;8;1.0;1.0;1.0;1.0;1.0;1.0;0.0;0.9780339326867433;0.9797585605939434;0.9827554597733403;0.9912406017845273;0.9796252333756121;0.9822827576428335;0.00473186936529433;12;1.0;1.0;1.0;1.0;1.0;1.0;0.0;0.7431640625;0.6960861056751468;0.6980430528375734;0.7777777777777778;0.6627604166666666;0.7155662830914329;0.04026638284962548;7;1.0;1.0;1.0;1.0;1.0;1.0;0.0;0.9770114942528736;0.980806142034549;0.9846449136276392;0.9923224568138196;0.980806142034549;0.983118229752686;0.005196773559514311;17;1.0;1.0;1.0;1.0;1.0;1.0;0.0;0.7034313725490197;0.7441520467836258;0.8275080906148867;0.9961240310077519;0.7084491384102279;0.7959329358731024;0.10951226367763488;17;1.0;1.0;1.0;1.0;1.0;1.0;0.0;0.9792089249492901;0.9789316541513733;0.9821751796706608;0.9923819726524721;0.9786573688304123;0.9822710200508418;0.00521204017742148;16;1.0;1.0;1.0;1.0;1.0;1.0;0.0
25;11.996319246292114;2.764194304094652;1.5538038730621337;1.4556998314996248;1000;1;rbf;{'svc__C': 1000, 'svc__gamma': 1, 'svc__kernel': 'rbf'};0.9865900383141762;0.9846449136276392;0.9865642994241842;0.9904030710172744;0.9846449136276392;0.9865694472021825;0.002102607001236345;2;1.0;1.0;1.0;1.0;1.0;1.0;0.0;0.7273744684025963;0.7103946637020566;0.7273678702250131;0.8052627644464379;0.7103946637020567;0.7361588860956321;0.035376218759096856;16;1.0;1.0;1.0;1.0;1.0;1.0;0.0;0.9830251876474158;0.9813993485397624;0.9829926950848257;0.9885808239053568;0.9824812035690547;0.9836958517492832;0.002512228882526084;2;1.0;1.0;1.0;1.0;1.0;1.0;0.0;0.65;0.6490215264187866;0.65;0.7222222222222222;0.6647135416666666;0.667191458061535;0.028127438384020372;16;1.0;1.0;1.0;1.0;1.0;1.0;0.0;0.9865900383141762;0.9846449136276392;0.9865642994241842;0.9904030710172744;0.9846449136276392;0.9865694472021825;0.002102607001236345;2;1.0;1.0;1.0;1.0;1.0;1.0;0.0;0.9932562620423893;0.8682301740812379;0.9932432432432432;0.995164410058027;0.7941860465116279;0.9288160271873049;0.08306791828351062;1;1.0;1.0;1.0;1.0;1.0;1.0;0.0;0.986770904849438;0.9819217618253842;0.9867458629454791;0.9904958846437998;0.9816631701111458;0.9855195168750495;0.003336147013475932;2;1.0;1.0;1.0;1.0;1.0;1.0;0.0
26;8.240169477462768;1.7953830094766898;1.4523493289947509;1.4709101741682316;1000;0.1;linear;{'svc__C': 1000, 'svc__gamma': 0.1, 'svc__kernel': 'linear'};0.9770114942528736;0.980806142034549;0.9846449136276392;0.9923224568138196;0.980806142034549;0.983118229752686;0.005196773559514311;17;1.0;1.0;1.0;1.0;1.0;1.0;0.0;0.7214018857854474;0.7173394097222223;0.7461013645224172;0.8551973318510284;0.6826267056530214;0.7445333395068273;0.058916862081259;8;1.0;1.0;1.0;1.0;1.0;1.0;0.0;0.9780339326867433;0.9797585605939434;0.9827554597733403;0.9912406017845273;0.9796252333756121;0.9822827576428335;0.00473186936529433;12;1.0;1.0;1.0;1.0;1.0;1.0;0.0;0.7431640625;0.6960861056751468;0.6980430528375734;0.7777777777777778;0.6627604166666666;0.7155662830914329;0.04026638284962548;7;1.0;1.0;1.0;1.0;1.0;1.0;0.0;0.9770114942528736;0.980806142034549;0.9846449136276392;0.9923224568138196;0.980806142034549;0.983118229752686;0.005196773559514311;17;1.0;1.0;1.0;1.0;1.0;1.0;0.0;0.7034313725490197;0.7441520467836258;0.8275080906148867;0.9961240310077519;0.7084491384102279;0.7959329358731024;0.10951226367763488;17;1.0;1.0;1.0;1.0;1.0;1.0;0.0;0.9792089249492901;0.9789316541513733;0.9821751796706608;0.9923819726524721;0.9786573688304123;0.9822710200508418;0.00521204017742148;16;1.0;1.0;1.0;1.0;1.0;1.0;0.0
27;8.484007835388184;1.9495437424160427;1.44213809967041;1.4088253363396783;1000;0.1;rbf;{'svc__C': 1000, 'svc__gamma': 0.1, 'svc__kernel': 'rbf'};0.9770114942528736;0.9846449136276392;0.9846449136276392;0.9942418426103646;0.980806142034549;0.9842698612306131;0.005734160498135082;10;1.0;1.0;1.0;1.0;1.0;1.0;0.0;0.7214018857854474;0.7461013645224172;0.7461013645224172;0.898539435248296;0.6826267056530214;0.7589541511463198;0.07355337022202908;1;1.0;1.0;1.0;1.0;1.0;1.0;0.0;0.9780339326867433;0.9827554597733403;0.9827554597733403;0.9936744370331191;0.9796252333756121;0.983368904528431;0.00546687529384616;5;1.0;1.0;1.0;1.0;1.0;1.0;0.0;0.7431640625;0.6980430528375734;0.6980430528375734;0.8333333333333333;0.6627604166666666;0.7270687836350294;0.05894364203731365;1;1.0;1.0;1.0;1.0;1.0;1.0;0.0;0.9770114942528736;0.9846449136276392;0.9846449136276392;0.9942418426103646;0.980806142034549;0.9842698612306131;0.005734160498135082;10;1.0;1.0;1.0;1.0;1.0;1.0;0.0;0.7034313725490197;0.8275080906148867;0.8275080906148867;0.9970873786407767;0.7084491384102279;0.8127968141659595;0.10700008665384514;11;1.0;1.0;1.0;1.0;1.0;1.0;0.0;0.9792089249492901;0.9821751796706608;0.9821751796706608;0.9942753852747703;0.9786573688304123;0.983298407679159;0.005679444163757125;10;1.0;1.0;1.0;1.0;1.0;1.0;0.0
28;8.104601764678955;1.8636651546123406;1.415503692626953;1.371677246140112;1000;0.001;linear;{'svc__C': 1000, 'svc__gamma': 0.001, 'svc__kernel': 'linear'};0.9770114942528736;0.980806142034549;0.9846449136276392;0.9923224568138196;0.980806142034549;0.983118229752686;0.005196773559514311;17;1.0;1.0;1.0;1.0;1.0;1.0;0.0;0.7214018857854474;0.7173394097222223;0.7461013645224172;0.8551973318510284;0.6826267056530214;0.7445333395068273;0.058916862081259;8;1.0;1.0;1.0;1.0;1.0;1.0;0.0;0.9780339326867433;0.9797585605939434;0.9827554597733403;0.9912406017845273;0.9796252333756121;0.9822827576428335;0.00473186936529433;12;1.0;1.0;1.0;1.0;1.0;1.0;0.0;0.7431640625;0.6960861056751468;0.6980430528375734;0.7777777777777778;0.6627604166666666;0.7155662830914329;0.04026638284962548;7;1.0;1.0;1.0;1.0;1.0;1.0;0.0;0.9770114942528736;0.980806142034549;0.9846449136276392;0.9923224568138196;0.980806142034549;0.983118229752686;0.005196773559514311;17;1.0;1.0;1.0;1.0;1.0;1.0;0.0;0.7034313725490197;0.7441520467836258;0.8275080906148867;0.9961240310077519;0.7084491384102279;0.7959329358731024;0.10951226367763488;17;1.0;1.0;1.0;1.0;1.0;1.0;0.0;0.9792089249492901;0.9789316541513733;0.9821751796706608;0.9923819726524721;0.9786573688304123;0.9822710200508418;0.00521204017742148;16;1.0;1.0;1.0;1.0;1.0;1.0;0.0
29;8.381220626831055;1.9914904440781922;1.4708707809448243;1.425829735518648;1000;0.001;rbf;{'svc__C': 1000, 'svc__gamma': 0.001, 'svc__kernel': 'rbf'};0.9865900383141762;0.9846449136276392;0.9865642994241842;0.9923224568138196;0.9846449136276392;0.9869533243614917;0.0028202276743905896;1;0.9961612284069098;0.996642685851319;0.9961630695443645;0.9937649880095923;0.9985611510791367;0.9962586245782644;0.001528788504927751;0.7907096626381809;0.7103946637020566;0.7273678702250131;0.8551973318510284;0.7103946637020567;0.7588128384236672;0.05654167185356266;3;0.9418810569615841;0.9498503585553331;0.9402013365072992;0.8984165651644336;0.9796336996336996;0.9419966033644698;0.026002648133425087;0.9854263925180813;0.9813993485397624;0.9829926950848257;0.9912406017845273;0.9824812035690547;0.9847080482992503;0.00352247190636931;1;0.995999519852455;0.9965265182065922;0.99594110927451;0.9931513595457373;0.998532901151606;0.9960302816061801;0.0017208396539519972;0.748046875;0.6490215264187866;0.65;0.7777777777777778;0.6647135416666666;0.6979119441726461;0.05418491291495229;15;0.907650357565468;0.9208083716864217;0.8947368421052632;0.8333333333333333;0.9615384615384616;0.9036134732457896;0.04167819065799211;0.9865900383141762;0.9846449136276392;0.9865642994241842;0.9923224568138196;0.9846449136276392;0.9869533243614917;0.0028202276743905896;1;0.9961612284069098;0.996642685851319;0.9961630695443645;0.9937649880095923;0.9985611510791367;0.9962586245782644;0.001528788504927751;0.8522884882108184;0.8682301740812379;0.9932432432432432;0.9961240310077519;0.7941860465116279;0.9008143966109359;0.0805147421128024;8;0.9826693469785575;0.9833864965443913;0.9980535279805353;0.9968431277319088;0.9992679355783309;0.9920440869627448;0.007404968387432778;0.9850037995334279;0.9819217618253842;0.9867458629454791;0.9923819726524721;0.9816631701111458;0.9855433134135818;0.003916008394848518;1;0.9960810786162462;0.9965770286482137;0.9961780064999095;0.9938043542824798;0.998563257739343;0.9962407451572384;0.0015147660755627768
30;8.138061285018921;1.861879059285843;1.4379186630249023;1.4509197715372855;1000;0.0001;linear;{'svc__C': 1000, 'svc__gamma': 0.0001, 'svc__kernel': 'linear'};0.9770114942528736;0.980806142034549;0.9846449136276392;0.9923224568138196;0.980806142034549;0.983118229752686;0.005196773559514311;17;1.0;1.0;1.0;1.0;1.0;1.0;0.0;0.7214018857854474;0.7173394097222223;0.7461013645224172;0.8551973318510284;0.6826267056530214;0.7445333395068273;0.058916862081259;8;1.0;1.0;1.0;1.0;1.0;1.0;0.0;0.9780339326867433;0.9797585605939434;0.9827554597733403;0.9912406017845273;0.9796252333756121;0.9822827576428335;0.00473186936529433;12;1.0;1.0;1.0;1.0;1.0;1.0;0.0;0.7431640625;0.6960861056751468;0.6980430528375734;0.7777777777777778;0.6627604166666666;0.7155662830914329;0.04026638284962548;7;1.0;1.0;1.0;1.0;1.0;1.0;0.0;0.9770114942528736;0.980806142034549;0.9846449136276392;0.9923224568138196;0.980806142034549;0.983118229752686;0.005196773559514311;17;1.0;1.0;1.0;1.0;1.0;1.0;0.0;0.7034313725490197;0.7441520467836258;0.8275080906148867;0.9961240310077519;0.7084491384102279;0.7959329358731024;0.10951226367763488;17;1.0;1.0;1.0;1.0;1.0;1.0;0.0;0.9792089249492901;0.9789316541513733;0.9821751796706608;0.9923819726524721;0.9786573688304123;0.9822710200508418;0.00521204017742148;16;1.0;1.0;1.0;1.0;1.0;1.0;0.0
31;7.8276763439178465;1.7873085244169784;1.4046074390411376;1.4171506738939503;1000;0.0001;rbf;{'svc__C': 1000, 'svc__gamma': 0.0001, 'svc__kernel': 'rbf'};0.9808429118773946;0.980806142034549;0.980806142034549;0.982725527831094;0.982725527831094;0.981581250321736;0.0009343951422144376;25;0.9817658349328215;0.9817745803357314;0.9817745803357314;0.981294964028777;0.981294964028777;0.9815809847323675;0.0002335567586931876;0.4951644100580271;0.49515503875968997;0.49515503875968997;0.49564375605033884;0.49564375605033884;0.49535239993561697;0.00023791588125826284;25;0.4953995157384988;0.49540174249757984;0.49540174249757984;0.49527959331880905;0.49527959331880905;0.49535243747425534;5.9482561443838744e-05;0.9713570036387351;0.9713022065497181;0.9713022065497181;0.9741635435615105;0.9741635435615105;0.9724577007722385;0.0013929585219726345;25;0.9727326383886454;0.972745675676303;0.972745675676303;0.9720307414199361;0.9720307414199361;0.9724570945162248;0.00034814839449944136;0.5;0.5;0.5;0.5;0.5;0.5;0.0;25;0.5;0.5;0.5;0.5;0.5;0.5;0.0;0.9808429118773946;0.980806142034549;0.980806142034549;0.982725527831094;0.982725527831094;0.981581250321736;0.0009343951422144376;25;0.9817658349328215;0.9817745803357314;0.9817745803357314;0.981294964028777;0.981294964028777;0.9815809847323675;0.0002335567586931876;0.4904214559386973;0.4904030710172745;0.4904030710172745;0.491362763915547;0.491362763915547;0.490790625160868;0.0004671975711072188;25;0.4908829174664108;0.4908872901678657;0.4908872901678657;0.4906474820143885;0.4906474820143885;0.4907904923661838;0.0001167783793465938;0.9620528177801265;0.9619806882526958;0.9619806882526958;0.9657494630509024;0.9657494630509024;0.9635026240774647;0.001834725393858623;25;0.9638641546413401;0.9638813265934015;0.9638813265934015;0.9629398064282388;0.9629398064282388;0.9635012841369243;0.0004584875080363333
