;PipelineID;Pipeline;train_set;validation_set;fit_time_cv1;fit_time_cv2;fit_time_cv3;fit_time_cv4;fit_time_cv5;fit_time_mean;score_time_cv1;score_time_cv2;score_time_cv3;score_time_cv4;score_time_cv5;score_time_mean;test_acc_cv1;test_acc_cv2;test_acc_cv3;test_acc_cv4;test_acc_cv5;test_acc_mean;test_prec_cv1;test_prec_cv2;test_prec_cv3;test_prec_cv4;test_prec_cv5;test_prec_mean;test_recall_cv1;test_recall_cv2;test_recall_cv3;test_recall_cv4;test_recall_cv5;test_recall_mean;test_f1-score_cv1;test_f1-score_cv2;test_f1-score_cv3;test_f1-score_cv4;test_f1-score_cv5;test_f1-score_mean;test_tp_cv1;test_tp_cv2;test_tp_cv3;test_tp_cv4;test_tp_cv5;test_tp_mean;test_tn_cv1;test_tn_cv2;test_tn_cv3;test_tn_cv4;test_tn_cv5;test_tn_mean;test_fp_cv1;test_fp_cv2;test_fp_cv3;test_fp_cv4;test_fp_cv5;test_fp_mean;test_fn_cv1;test_fn_cv2;test_fn_cv3;test_fn_cv4;test_fn_cv5;test_fn_mean;acc_overall;prec_overall;recall_overall;f1-score_overall;tp_overall;tn_overall;fp_overall;fn_overall
0;Natural Language Processing;LR_Count_Vectors_RandomUnder;data/readme_preprocessed_train.csv;data/readme_preprocessed_test.csv;0.2164156436920166;0.28010058403015137;0.21928787231445312;0.23765921592712402;0.21517705917358398;0.23372807502746581;0.04783821105957031;0.03144431114196777;0.03144407272338867;0.039618730545043945;0.02844071388244629;0.0357572078704834;0.753731343283582;0.6992481203007519;0.7819548872180451;0.7368421052631579;0.6466165413533834;0.7236785994837841;0.7432432432432432;0.7735849056603774;0.7857142857142857;0.7428571428571429;0.6309523809523809;0.735270391685486;0.7971014492753623;0.5942028985507246;0.7971014492753623;0.7536231884057971;0.7681159420289855;0.7420289855072463;0.7692307692307693;0.6721311475409837;0.7913669064748201;0.748201438848921;0.6928104575163399;0.7347481439223668;46;52;49;46;33;45.2;55;41;55;52;53;51.2;14;28;14;17;16;17.8;19;12;15;18;31;19.0;0.7301401869158879;0.24175824175824176;0.7333333333333333;0.3636363636363636;1118;132;48;414
0;Natural Language Processing;LR_TFIDF_RandomUnder;data/readme_preprocessed_train.csv;data/readme_preprocessed_test.csv;0.14331912994384766;0.1465160846710205;0.15334415435791016;0.2931709289550781;0.21247100830078125;0.18976426124572754;0.0256655216217041;0.03470873832702637;0.02625131607055664;0.0681924819946289;0.047487735748291016;0.040461158752441405;0.753731343283582;0.7518796992481203;0.7894736842105263;0.8270676691729323;0.6917293233082706;0.7627763438446863;0.725;0.8333333333333334;0.7887323943661971;0.859375;0.6627906976744186;0.7738462850747898;0.8405797101449275;0.6521739130434783;0.8115942028985508;0.7971014492753623;0.8260869565217391;0.7855072463768116;0.778523489932886;0.7317073170731708;0.8;0.8270676691729324;0.7354838709677418;0.7745564694293462;43;55;49;55;35;47.4;58;45;56;55;57;54.2;11;24;13;14;12;14.8;22;9;15;9;29;16.8;0.7365654205607477;0.26102292768959434;0.8222222222222222;0.3962516733601071;1113;148;32;419
0;Natural Language Processing;SVC_Count_Vectors_RandomUnder;data/readme_preprocessed_train.csv;data/readme_preprocessed_test.csv;0.6656482219696045;0.653496503829956;0.8223893642425537;0.8421683311462402;0.6926498413085938;0.7352704524993896;0.05742979049682617;0.062090158462524414;0.04142594337463379;0.0397496223449707;0.04952073097229004;0.050043249130249025;0.7089552238805971;0.7142857142857143;0.7969924812030075;0.6917293233082706;0.6466165413533834;0.7117158568061945;0.7027027027027027;0.803921568627451;0.8;0.6707317073170732;0.625;0.7204711957294455;0.7536231884057971;0.5942028985507246;0.8115942028985508;0.7971014492753623;0.7971014492753623;0.7507246376811594;0.7272727272727273;0.6833333333333333;0.8057553956834532;0.728476821192053;0.7006369426751592;0.7290950440313452;43;54;50;37;31;43.0;52;41;56;55;55;51.8;17;28;13;14;14;17.2;22;10;14;27;33;21.2;0.6507009345794392;0.1997126436781609;0.7722222222222223;0.317351598173516;975;139;41;557
0;Natural Language Processing;SVC_TFIDF_RandomUnder;data/readme_preprocessed_train.csv;data/readme_preprocessed_test.csv;0.7126095294952393;0.5411422252655029;0.7487828731536865;0.5795657634735107;0.5459606647491455;0.625612211227417;0.04488563537597656;0.06118202209472656;0.03485846519470215;0.04961848258972168;0.06000828742980957;0.050110578536987305;0.7238805970149254;0.7443609022556391;0.7368421052631579;0.7894736842105263;0.706766917293233;0.7402648412074962;0.7162162162162162;0.8431372549019608;0.7361111111111112;0.8059701492537313;0.6973684210526315;0.7597606305071303;0.7681159420289855;0.6231884057971014;0.7681159420289855;0.782608695652174;0.7681159420289855;0.7420289855072463;0.7412587412587412;0.7166666666666667;0.7517730496453902;0.7941176470588236;0.7310344827586206;0.7469701174776485;44;56;45;51;41;47.4;53;43;53;54;53;51.2;16;26;16;15;16;17.8;21;8;19;13;23;16.8;0.7686915887850467;0.2804878048780488;0.7666666666666667;0.4107142857142857;1178;138;42;354
0;Natural Language Processing;KNN_Count_Vectors_RandomUnder;data/readme_preprocessed_train.csv;data/readme_preprocessed_test.csv;0.2614450454711914;0.16881680488586426;0.26711559295654297;0.1975080966949463;0.20235419273376465;0.21944794654846192;0.0512697696685791;0.05584716796875;0.04474520683288574;0.05135774612426758;0.05290579795837402;0.051225137710571286;0.6044776119402985;0.6541353383458647;0.6766917293233082;0.6842105263157895;0.6466165413533834;0.6532263494557288;0.5816326530612245;0.6666666666666666;0.6756756756756757;0.6708860759493671;0.627906976744186;0.6445536096194241;0.8260869565217391;0.6666666666666666;0.7246376811594203;0.7681159420289855;0.782608695652174;0.7536231884057971;0.6826347305389221;0.6666666666666666;0.6993006993006994;0.7162162162162162;0.6967741935483871;0.6923185012541783;24;41;40;38;32;35.0;57;46;50;53;54;52.0;12;23;19;16;15;17.0;41;23;24;26;32;29.2;0.5239485981308412;0.15300546448087432;0.7777777777777778;0.2557077625570776;757;140;40;775
0;Natural Language Processing;KNN_TFIDF_RandomUnder;data/readme_preprocessed_train.csv;data/readme_preprocessed_test.csv;0.17453932762145996;0.23894333839416504;0.2797665596008301;0.2605886459350586;0.2882070541381836;0.24840898513793946;0.06260275840759277;0.05334758758544922;0.06048464775085449;0.04838848114013672;0.0599362850189209;0.05695195198059082;0.582089552238806;0.6541353383458647;0.7293233082706767;0.7819548872180451;0.631578947368421;0.6758164066883626;0.5607476635514018;0.6419753086419753;0.6896551724137931;0.7702702702702703;0.6136363636363636;0.6552569557027608;0.8695652173913043;0.7536231884057971;0.8695652173913043;0.8260869565217391;0.782608695652174;0.8202898550724639;0.6818181818181818;0.6933333333333332;0.7692307692307693;0.7972027972027972;0.6878980891719745;0.7258966341514111;18;35;37;47;30;33.4;60;52;60;57;54;56.6;9;17;9;12;15;12.4;47;29;27;17;34;30.8;0.5718457943925234;0.16806722689075632;0.7777777777777778;0.27640671273445216;839;140;40;693
0;Natural Language Processing;RandomForestClassifier_Count_Vectors_RandomUnder;data/readme_preprocessed_train.csv;data/readme_preprocessed_test.csv;0.49323058128356934;0.6059379577636719;0.5272765159606934;0.48239612579345703;0.5954623222351074;0.5408607006072998;0.08726811408996582;0.04622673988342285;0.07550358772277832;0.0860602855682373;0.04319500923156738;0.06765074729919433;0.7164179104477612;0.7894736842105263;0.8345864661654135;0.8120300751879699;0.6842105263157895;0.7673437324654921;0.6781609195402298;0.8253968253968254;0.8615384615384616;0.8142857142857143;0.6451612903225806;0.7649086422167624;0.855072463768116;0.7536231884057971;0.8115942028985508;0.8260869565217391;0.8695652173913043;0.8231884057971015;0.7564102564102564;0.787878787878788;0.835820895522388;0.8201438848920863;0.7407407407407407;0.7881989130888518;37;53;55;51;31;45.4;59;52;56;57;60;56.8;10;17;13;12;9;12.2;28;11;9;13;33;18.8;0.7646028037383178;0.28094302554027506;0.7944444444444444;0.41509433962264153;1166;143;37;366
0;Natural Language Processing;RandomForestClassifier_TFIDF_RandomUnder;data/readme_preprocessed_train.csv;data/readme_preprocessed_test.csv;0.4534943103790283;0.46380114555358887;0.4462614059448242;0.6024551391601562;0.5969903469085693;0.5126004695892334;0.0939788818359375;0.09166598320007324;0.07878422737121582;0.04778480529785156;0.04798245429992676;0.07203927040100097;0.7611940298507462;0.8195488721804511;0.8270676691729323;0.8345864661654135;0.706766917293233;0.7898327909325553;0.7228915662650602;0.8688524590163934;0.8484848484848485;0.821917808219178;0.6744186046511628;0.7873130573273286;0.8695652173913043;0.7681159420289855;0.8115942028985508;0.8695652173913043;0.8405797101449275;0.8318840579710145;0.7894736842105263;0.8153846153846154;0.8296296296296296;0.8450704225352113;0.7483870967741935;0.8055890897068352;42;56;54;51;36;47.8;60;53;56;60;58;57.4;9;16;13;9;11;11.6;23;8;10;13;28;16.4;0.764018691588785;0.27865612648221344;0.7833333333333333;0.4110787172011661;1167;141;39;365
0;Natural Language Processing;Linear_SVC_Count_Vectors_RandomUnder;data/readme_preprocessed_train.csv;data/readme_preprocessed_test.csv;0.49703383445739746;0.4342041015625;0.6620368957519531;0.6200287342071533;0.4156525135040283;0.5257912158966065;0.06555771827697754;0.0796046257019043;0.05557966232299805;0.0663905143737793;0.07046246528625488;0.06751899719238282;0.8731343283582089;0.8120300751879699;0.8421052631578947;0.8646616541353384;0.7593984962406015;0.8302659634160026;0.8939393939393939;0.8333333333333334;0.8636363636363636;0.8923076923076924;0.7402597402597403;0.8446953046953046;0.855072463768116;0.7971014492753623;0.8260869565217391;0.8405797101449275;0.8260869565217391;0.8289855072463768;0.8740740740740741;0.8148148148148148;0.8444444444444444;0.8656716417910447;0.7808219178082192;0.8359653785865195;58;53;55;57;44;53.4;59;55;57;58;57;57.2;10;14;12;11;12;11.8;7;11;9;7;20;10.8;0.8405373831775701;0.38107416879795397;0.8277777777777777;0.521891418563923;1290;149;31;242
0;Natural Language Processing;Linear_SVC_TFIDF_RandomUnder;data/readme_preprocessed_train.csv;data/readme_preprocessed_test.csv;0.26416635513305664;0.3359687328338623;0.31170129776000977;0.20288372039794922;0.19438552856445312;0.2618211269378662;0.04188251495361328;0.028337717056274414;0.028667449951171875;0.047190189361572266;0.0430302619934082;0.037821626663208006;0.917910447761194;0.9022556390977443;0.8947368421052632;0.9624060150375939;0.7669172932330827;0.8888452474469757;0.9027777777777778;0.9375;0.8873239436619719;0.9848484848484849;0.7209302325581395;0.8866760877692748;0.9420289855072463;0.8695652173913043;0.9130434782608695;0.9420289855072463;0.8985507246376812;0.9130434782608695;0.9219858156028369;0.9022556390977444;0.9;0.962962962962963;0.7999999999999999;0.8974408835327088;58;60;56;63;40;55.4;65;60;63;65;62;63.0;4;9;6;4;7;6.0;7;4;8;1;24;8.8;0.8744158878504673;0.44807121661721067;0.8388888888888889;0.5841392649903288;1346;151;29;186
0;Computer Vision;LR_Count_Vectors_RandomUnder;data/readme_preprocessed_train.csv;data/readme_preprocessed_test.csv;1.2039895057678223;1.1552014350891113;1.118750810623169;1.256885290145874;1.2698018550872803;1.2009257793426513;0.24810242652893066;0.2524404525756836;0.2366487979888916;0.19756674766540527;0.176361083984375;0.22222390174865722;0.76875;0.7708333333333334;0.7854166666666667;0.7791666666666667;0.7494780793319415;0.7707289491997218;0.7716535433070866;0.811377245508982;0.8097982708933718;0.8154761904761905;0.776536312849162;0.7969683126069584;0.9245283018867925;0.8522012578616353;0.8836477987421384;0.8616352201257862;0.8742138364779874;0.879245283018868;0.8412017167381973;0.8312883435582822;0.8451127819548873;0.8379204892966361;0.8224852071005917;0.8356017077297189;75;99;96;100;81;90.2;294;271;281;274;278;279.6;24;47;37;44;40;38.4;87;63;66;62;80;71.6;0.6238317757009346;0.5438311688311688;0.8909574468085106;0.6754032258064516;398;670;82;562
0;Computer Vision;LR_TFIDF_RandomUnder;data/readme_preprocessed_train.csv;data/readme_preprocessed_test.csv;0.8589987754821777;0.5076878070831299;0.5846726894378662;0.5320940017700195;0.8911283016204834;0.6749163150787354;0.12817788124084473;0.14072394371032715;0.19827651977539062;0.13004612922668457;0.13576865196228027;0.14659862518310546;0.7416666666666667;0.7145833333333333;0.775;0.7666666666666667;0.7703549060542797;0.7536543145441893;0.7474489795918368;0.7493112947658402;0.7837837837837838;0.7976878612716763;0.7954545454545454;0.7747372929735366;0.9213836477987422;0.8553459119496856;0.9119496855345912;0.8679245283018868;0.8805031446540881;0.8874213836477987;0.8253521126760563;0.7988252569750367;0.8430232558139535;0.8313253012048193;0.835820895522388;0.8268693644384507;63;71;82;92;89;79.4;293;272;290;276;280;282.2;25;46;28;42;38;35.8;99;91;80;70;72;82.4;0.6226635514018691;0.5430894308943089;0.8882978723404256;0.6740665993945509;398;668;84;562
0;Computer Vision;SVC_Count_Vectors_RandomUnder;data/readme_preprocessed_train.csv;data/readme_preprocessed_test.csv;4.805252313613892;4.521050214767456;5.606030464172363;5.860031604766846;4.9411187171936035;5.146696662902832;0.2926294803619385;0.3267478942871094;0.22864270210266113;0.19314932823181152;0.27995800971984863;0.26422548294067383;0.7270833333333333;0.7166666666666667;0.7125;0.7625;0.7453027139874739;0.7328105427974949;0.717948717948718;0.71875;0.7122641509433962;0.7602040816326531;0.7378640776699029;0.7294062056389341;0.9685534591194969;0.940251572327044;0.949685534591195;0.9371069182389937;0.9559748427672956;0.950314465408805;0.8246318607764391;0.8147138964577657;0.8140161725067385;0.83943661971831;0.8328767123287673;0.825135052357604;41;45;40;68;53;49.4;308;299;302;298;304;302.2;10;19;16;20;14;15.8;121;117;122;94;108;112.4;0.5782710280373832;0.5109489051094891;0.9308510638297872;0.6597549481621112;290;700;52;670
0;Computer Vision;SVC_TFIDF_RandomUnder;data/readme_preprocessed_train.csv;data/readme_preprocessed_test.csv;4.541838884353638;5.54540228843689;4.470164060592651;4.7178215980529785;5.706873416900635;4.996420049667359;0.31181788444519043;0.23594927787780762;0.3312263488769531;0.28436923027038574;0.22651195526123047;0.27797493934631345;0.7479166666666667;0.7604166666666666;0.7729166666666667;0.7770833333333333;0.7974947807933194;0.7711656228253305;0.7493670886075949;0.7875354107648725;0.784741144414169;0.7988668555240793;0.8060941828254847;0.7853209364272401;0.9308176100628931;0.8742138364779874;0.9056603773584906;0.8867924528301887;0.9150943396226415;0.9025157232704404;0.8302945301542777;0.8286140089418779;0.8408759124087591;0.8405365126676602;0.8571428571428571;0.8394927642630863;63;87;83;91;91;83.0;296;278;288;282;291;287.0;22;40;30;36;27;31.0;99;75;79;71;70;78.8;0.6325934579439252;0.549717057396928;0.9042553191489362;0.6837606837606838;403;680;72;557
0;Computer Vision;KNN_Count_Vectors_RandomUnder;data/readme_preprocessed_train.csv;data/readme_preprocessed_test.csv;0.8666524887084961;0.5740566253662109;0.5051188468933105;0.5708129405975342;0.8488984107971191;0.6731078624725342;0.13240599632263184;0.23232817649841309;0.21647286415100098;0.22295022010803223;0.14104795455932617;0.18904104232788085;0.7;0.7020833333333333;0.7208333333333333;0.7333333333333333;0.7620041753653445;0.7236508350730688;0.7153465346534653;0.7139364303178484;0.7254901960784313;0.7448453608247423;0.7642487046632125;0.73277344530754;0.9088050314465409;0.9182389937106918;0.9308176100628931;0.9088050314465409;0.9276729559748428;0.9188679245283019;0.8005540166204985;0.8033012379642366;0.8154269972451791;0.8186968838526911;0.8380681818181819;0.8152094635001574;47;45;50;63;70;55.0;289;292;296;289;295;292.2;29;26;22;29;23;25.8;115;117;112;99;91;106.8;0.5876168224299065;0.5171130952380952;0.9242021276595744;0.6631679389312978;311;695;57;649
0;Computer Vision;KNN_TFIDF_RandomUnder;data/readme_preprocessed_train.csv;data/readme_preprocessed_test.csv;0.5567688941955566;0.5507149696350098;0.8364050388336182;0.4974710941314697;0.8373904228210449;0.6557500839233399;0.20955419540405273;0.22833991050720215;0.14477849006652832;0.21187329292297363;0.1321580410003662;0.1853407859802246;0.7375;0.7625;0.7541666666666667;0.7583333333333333;0.7703549060542797;0.7565709812108559;0.753968253968254;0.7670157068062827;0.7659574468085106;0.791907514450867;0.7905027932960894;0.7738703430660007;0.8962264150943396;0.9213836477987422;0.9056603773584906;0.8616352201257862;0.889937106918239;0.8949685534591195;0.8189655172413793;0.8371428571428572;0.829971181556196;0.8253012048192772;0.8372781065088758;0.8297317734537171;69;73;74;90;86;78.4;285;293;288;274;283;284.6;33;25;30;44;35;33.4;93;89;88;72;75;83.4;0.6144859813084113;0.5377668308702791;0.8710106382978723;0.6649746192893401;397;655;97;563
0;Computer Vision;RandomForestClassifier_Count_Vectors_RandomUnder;data/readme_preprocessed_train.csv;data/readme_preprocessed_test.csv;1.7890350818634033;1.4361321926116943;2.0660674571990967;2.0280418395996094;1.456437110900879;1.7551427364349366;0.2581162452697754;0.46778249740600586;0.1683504581451416;0.1472315788269043;0.33913373947143555;0.2761229038238525;0.7645833333333333;0.7854166666666667;0.8270833333333333;0.8145833333333333;0.8329853862212944;0.8049304105775921;0.7634961439588689;0.7945205479452054;0.8254847645429363;0.8397626112759644;0.84;0.812652813544595;0.9339622641509434;0.9119496855345912;0.9371069182389937;0.889937106918239;0.9245283018867925;0.919496855345912;0.8401697312588402;0.8491947291361639;0.877761413843888;0.8641221374045802;0.8802395209580839;0.8622975065203112;70;87;99;108;105;93.8;297;290;298;283;294;292.4;21;28;20;35;24;25.6;92;75;63;54;56;68.0;0.6477803738317757;0.5596477181745396;0.9295212765957447;0.6986506746626686;410;699;53;550
0;Computer Vision;RandomForestClassifier_TFIDF_RandomUnder;data/readme_preprocessed_train.csv;data/readme_preprocessed_test.csv;1.6563146114349365;1.4561498165130615;2.0418660640716553;1.6875035762786865;2.0807883739471436;1.7845244884490967;0.32007479667663574;0.4069693088531494;0.16444945335388184;0.3201620578765869;0.1219327449798584;0.26671767234802246;0.7458333333333333;0.7791666666666667;0.8229166666666666;0.8145833333333333;0.8392484342379958;0.8003496868475992;0.7390243902439024;0.8011363636363636;0.828169014084507;0.829971181556196;0.8492753623188406;0.8095152623679619;0.9528301886792453;0.8867924528301887;0.9245283018867925;0.9056603773584906;0.9213836477987422;0.9182389937106918;0.8324175824175823;0.8417910447761194;0.87369985141159;0.8661654135338346;0.8838612368024134;0.859587025788308;55;92;101;103;109;92.0;303;282;294;288;293;292.0;15;36;24;30;25;26.0;107;70;61;59;52;69.8;0.6512850467289719;0.56214915797915;0.9321808510638298;0.7013506753376688;414;701;51;546
0;Computer Vision;Linear_SVC_Count_Vectors_RandomUnder;data/readme_preprocessed_train.csv;data/readme_preprocessed_test.csv;1.0991573333740234;1.3397867679595947;1.6209449768066406;1.241133213043213;1.700197458267212;1.4002439498901367;0.2121891975402832;0.27144694328308105;0.2594752311706543;0.24058771133422852;0.20532870292663574;0.23780555725097657;0.7625;0.9270833333333334;0.9270833333333334;0.875;0.8872651356993737;0.875786360473208;0.7428571428571429;0.9101449275362319;0.9274924471299094;0.864406779661017;0.8687150837988827;0.8627232761966367;0.9811320754716981;0.9874213836477987;0.9654088050314465;0.9622641509433962;0.9779874213836478;0.9748427672955975;0.8455284552845528;0.9472096530920061;0.9460708782742682;0.9107142857142857;0.9201183431952663;0.9139283231120757;54;131;138;114;114;110.2;312;314;307;306;311;310.0;6;4;11;12;7;8.0;108;31;24;48;47;51.6;0.6869158878504673;0.588379705400982;0.9561170212765957;0.7284701114488348;457;719;33;503
0;Computer Vision;Linear_SVC_TFIDF_RandomUnder;data/readme_preprocessed_train.csv;data/readme_preprocessed_test.csv;0.6555302143096924;0.6051685810089111;0.5792415142059326;0.9948012828826904;0.9685111045837402;0.7606505393981934;0.13095712661743164;0.15961432456970215;0.14394450187683105;0.14518022537231445;0.13934564590454102;0.14380836486816406;0.8104166666666667;0.9625;0.9375;0.9520833333333333;0.9373695198329853;0.9199739039665971;0.7917737789203085;0.9658385093167702;0.95;0.9712460063897763;0.9444444444444444;0.92466054781426;0.9685534591194969;0.9779874213836478;0.9559748427672956;0.9559748427672956;0.9622641509433962;0.9641509433962263;0.8712871287128714;0.971875;0.9529780564263324;0.9635499207606972;0.9532710280373832;0.9425922267874569;81;151;146;153;143;134.8;308;311;304;304;306;306.6;10;7;14;14;12;11.4;81;11;16;9;18;27.0;0.7085280373831776;0.6065711878685762;0.9574468085106383;0.7426508509541001;493;720;32;467
0;Sequential;LR_Count_Vectors_RandomUnder;data/readme_preprocessed_train.csv;data/readme_preprocessed_test.csv;0.09358620643615723;0.15405011177062988;0.13009881973266602;0.1232762336730957;0.09893131256103516;0.1199885368347168;0.015719175338745117;0.012107372283935547;0.011332988739013672;0.017772197723388672;0.014868021011352539;0.01435995101928711;0.5862068965517241;0.6896551724137931;0.6551724137931034;0.5172413793103449;0.5172413793103449;0.5931034482758621;0.5555555555555556;0.6666666666666666;0.6428571428571429;0.5;0.5;0.573015873015873;0.7142857142857143;0.7142857142857143;0.6428571428571429;0.5714285714285714;0.42857142857142855;0.6142857142857143;0.6250000000000001;0.689655172413793;0.6428571428571429;0.5333333333333333;0.4615384615384615;0.5904768220285461;10;10;9;8;6;8.6;7;10;10;7;9;8.6;8;5;5;8;6;6.4;4;4;5;6;8;5.4;0.5671728971962616;0.02972972972972973;0.4888888888888889;0.05605095541401275;22;949;718;23
0;Sequential;LR_TFIDF_RandomUnder;data/readme_preprocessed_train.csv;data/readme_preprocessed_test.csv;0.03330516815185547;0.056208133697509766;0.05436301231384277;0.06107473373413086;0.06131911277770996;0.05325403213500977;0.010666847229003906;0.009508132934570312;0.01035928726196289;0.015338659286499023;0.014225244522094727;0.012019634246826172;0.5172413793103449;0.5172413793103449;0.5517241379310345;0.5172413793103449;0.6206896551724138;0.5448275862068965;0.5;0.5;0.5384615384615384;0.5;0.6666666666666666;0.541025641025641;0.6428571428571429;0.35714285714285715;0.5;0.5;0.42857142857142855;0.48571428571428565;0.5625000000000001;0.41666666666666663;0.5185185185185186;0.5;0.5217391304347826;0.5038848631239936;9;5;7;7;6;6.8;6;10;9;8;12;9.0;9;5;6;7;3;6.0;5;9;7;7;8;7.2;0.6074766355140186;0.03139013452914798;0.4666666666666667;0.05882352941176471;21;1019;648;24
0;Sequential;SVC_Count_Vectors_RandomUnder;data/readme_preprocessed_train.csv;data/readme_preprocessed_test.csv;0.0738987922668457;0.09703731536865234;0.0790245532989502;0.09276509284973145;0.06860136985778809;0.08226542472839356;0.015327930450439453;0.016569137573242188;0.014914989471435547;0.019310712814331055;0.017775297164916992;0.016779613494873048;0.4827586206896552;0.4827586206896552;0.5862068965517241;0.6206896551724138;0.4482758620689655;0.5241379310344827;0.47058823529411764;0.4;0.5833333333333334;0.5882352941176471;0.4166666666666667;0.491764705882353;0.5714285714285714;0.14285714285714285;0.5;0.7142857142857143;0.35714285714285715;0.45714285714285713;0.5161290322580646;0.21052631578947364;0.5384615384615384;0.6451612903225806;0.3846153846153846;0.45897871228940834;8;2;7;10;5;6.4;6;12;10;8;8;8.8;9;3;5;7;7;6.2;6;12;7;4;9;7.6;0.6477803738317757;0.02711864406779661;0.35555555555555557;0.05039370078740157;16;1093;574;29
0;Sequential;SVC_TFIDF_RandomUnder;data/readme_preprocessed_train.csv;data/readme_preprocessed_test.csv;0.07962870597839355;0.062285423278808594;0.0562283992767334;0.059325456619262695;0.0835120677947998;0.0681960105895996;0.013985395431518555;0.010901451110839844;0.01087498664855957;0.013062000274658203;0.010340213775634766;0.011832809448242188;0.5517241379310345;0.4827586206896552;0.6551724137931034;0.5862068965517241;0.5517241379310345;0.5655172413793104;0.5263157894736842;0.46153846153846156;0.6428571428571429;0.5555555555555556;0.5714285714285714;0.5515391041706831;0.7142857142857143;0.42857142857142855;0.6428571428571429;0.7142857142857143;0.2857142857142857;0.5571428571428572;0.6060606060606061;0.4444444444444445;0.6428571428571429;0.6250000000000001;0.38095238095238093;0.5398629148629148;10;6;9;10;4;7.8;6;8;10;7;12;8.6;9;7;5;8;3;6.4;4;8;5;4;10;6.2;0.5601635514018691;0.028;0.4666666666666667;0.052830188679245285;21;938;729;24
0;Sequential;KNN_Count_Vectors_RandomUnder;data/readme_preprocessed_train.csv;data/readme_preprocessed_test.csv;0.05654144287109375;0.0581049919128418;0.05928659439086914;0.055045366287231445;0.04572033882141113;0.05493974685668945;0.03414773941040039;0.03017449378967285;0.030647993087768555;0.0326082706451416;0.025521516799926758;0.030620002746582033;0.4482758620689655;0.6896551724137931;0.5517241379310345;0.41379310344827586;0.5172413793103449;0.5241379310344827;0.45454545454545453;0.6470588235294118;0.5294117647058824;0.43478260869565216;0.5;0.5131597302952802;0.7142857142857143;0.7857142857142857;0.6428571428571429;0.7142857142857143;0.6428571428571429;0.7;0.5555555555555556;0.7096774193548386;0.5806451612903226;0.5405405405405405;0.5625000000000001;0.5897837353482515;10;11;9;10;9;9.8;3;9;7;2;6;5.4;12;6;8;13;9;9.6;4;3;5;4;5;4.2;0.46845794392523366;0.028353326063249727;0.5777777777777777;0.05405405405405405;26;776;891;19
0;Sequential;KNN_TFIDF_RandomUnder;data/readme_preprocessed_train.csv;data/readme_preprocessed_test.csv;0.03239321708679199;0.05514049530029297;0.05500650405883789;0.05310821533203125;0.05225491523742676;0.04958066940307617;0.0181429386138916;0.02160048484802246;0.023082733154296875;0.025217533111572266;0.023630380630493164;0.022334814071655273;0.4827586206896552;0.5862068965517241;0.6206896551724138;0.5517241379310345;0.5172413793103449;0.5517241379310345;0.45454545454545453;1.0;0.7142857142857143;0.5294117647058824;0.5;0.6396485867074102;0.35714285714285715;0.14285714285714285;0.35714285714285715;0.6428571428571429;0.07142857142857142;0.3142857142857143;0.4;0.25;0.4761904761904762;0.5806451612903226;0.125;0.36636712749615974;5;2;5;9;1;4.4;9;15;13;7;14;11.6;6;0;2;8;1;3.4;9;12;9;5;13;9.6;0.798481308411215;0.022292993630573247;0.15555555555555556;0.03899721448467967;7;1360;307;38
0;Sequential;RandomForestClassifier_Count_Vectors_RandomUnder;data/readme_preprocessed_train.csv;data/readme_preprocessed_test.csv;0.25274205207824707;0.26909780502319336;0.26386046409606934;0.27074599266052246;0.23951435089111328;0.2591921329498291;0.03884077072143555;0.030162334442138672;0.03139901161193848;0.02846360206604004;0.03789353370666504;0.03335185050964355;0.5172413793103449;0.5862068965517241;0.6206896551724138;0.6896551724137931;0.4482758620689655;0.5724137931034482;0.5;0.5714285714285714;0.5789473684210527;0.6470588235294118;0.42857142857142855;0.5452012383900928;0.6428571428571429;0.5714285714285714;0.7857142857142857;0.7857142857142857;0.42857142857142855;0.6428571428571428;0.5625000000000001;0.5714285714285714;0.6666666666666667;0.7096774193548386;0.42857142857142855;0.5877688172043011;9;8;11;11;6;9.0;6;9;7;9;7;7.6;9;6;8;6;8;7.4;5;6;3;3;8;5.0;0.6244158878504673;0.029874213836477988;0.4222222222222222;0.05580029368575624;19;1050;617;26
0;Sequential;RandomForestClassifier_TFIDF_RandomUnder;data/readme_preprocessed_train.csv;data/readme_preprocessed_test.csv;0.20111894607543945;0.20357275009155273;0.25731921195983887;0.20760679244995117;0.25484275817871094;0.22489209175109864;0.03749203681945801;0.032550811767578125;0.02130413055419922;0.034725189208984375;0.020652055740356445;0.029344844818115234;0.4827586206896552;0.5172413793103449;0.5862068965517241;0.6551724137931034;0.41379310344827586;0.5310344827586206;0.47058823529411764;0.5;0.5625;0.6428571428571429;0.38461538461538464;0.512112152553329;0.5714285714285714;0.42857142857142855;0.6428571428571429;0.6428571428571429;0.35714285714285715;0.5285714285714286;0.5161290322580646;0.4615384615384615;0.6000000000000001;0.6428571428571429;0.3703703703703704;0.5181790014048079;8;6;9;9;5;7.4;6;9;8;10;7;8.0;9;6;7;5;8;7.0;6;8;5;5;9;6.6;0.6314252336448598;0.03343949044585987;0.4666666666666667;0.062407132243684986;21;1060;607;24
0;Sequential;Linear_SVC_Count_Vectors_RandomUnder;data/readme_preprocessed_train.csv;data/readme_preprocessed_test.csv;0.09286165237426758;0.1702897548675537;0.14010000228881836;0.16083431243896484;0.19747519493103027;0.15231218338012695;0.019590377807617188;0.01185154914855957;0.016051292419433594;0.014932394027709961;0.015036821365356445;0.015492486953735351;0.4482758620689655;0.5172413793103449;0.5172413793103449;0.3448275862068966;0.5517241379310345;0.47586206896551725;0.45454545454545453;0.5;0.5;0.3684210526315789;0.5294117647058824;0.47047565437658323;0.7142857142857143;0.5714285714285714;0.35714285714285715;0.5;0.6428571428571429;0.5571428571428572;0.5555555555555556;0.5333333333333333;0.41666666666666663;0.4242424242424242;0.5806451612903226;0.5020886282176604;10;8;5;7;9;7.8;3;7;10;3;7;6.0;12;8;5;12;8;9.0;4;6;9;7;5;6.2;0.7616822429906542;0.02610966057441253;0.2222222222222222;0.04672897196261682;10;1294;373;35
0;Sequential;Linear_SVC_TFIDF_RandomUnder;data/readme_preprocessed_train.csv;data/readme_preprocessed_test.csv;0.0739891529083252;0.0526576042175293;0.05036187171936035;0.051435232162475586;0.07935166358947754;0.061559104919433595;0.010930776596069336;0.010149240493774414;0.010966777801513672;0.011793136596679688;0.007187843322753906;0.010205554962158202;0.4482758620689655;0.5517241379310345;0.6206896551724138;0.41379310344827586;0.6206896551724138;0.5310344827586206;0.4583333333333333;0.5238095238095238;0.6153846153846154;0.4444444444444444;0.6;0.5283943833943835;0.7857142857142857;0.7857142857142857;0.5714285714285714;0.8571428571428571;0.6428571428571429;0.7285714285714285;0.5789473684210527;0.6285714285714286;0.5925925925925927;0.5853658536585367;0.6206896551724138;0.6012333796832048;11;11;8;12;9;10.2;2;5;10;0;9;5.2;13;10;5;15;6;9.8;3;3;6;2;5;3.8;0.8533878504672897;0.07083333333333333;0.37777777777777777;0.11929824561403508;17;1444;223;28
0;Audio;LR_Count_Vectors_RandomUnder;data/readme_preprocessed_train.csv;data/readme_preprocessed_test.csv;0.0707855224609375;0.05044388771057129;0.0576174259185791;0.07452774047851562;0.05376577377319336;0.061428070068359375;0.011845588684082031;0.011633157730102539;0.013550043106079102;0.008203744888305664;0.010909557342529297;0.011228418350219727;0.5555555555555556;0.8235294117647058;0.8823529411764706;0.7647058823529411;0.7058823529411765;0.74640522875817;0.5454545454545454;0.8571428571428571;0.875;0.75;0.7142857142857143;0.7483766233766234;0.6666666666666666;0.75;0.875;0.75;0.625;0.7333333333333333;0.6;0.7999999999999999;0.875;0.75;0.6666666666666666;0.7383333333333333;4;8;8;7;7;6.8;6;6;7;6;5;6.0;3;2;1;2;3;2.2;5;1;1;2;2;2.2;0.8049065420560748;0.05475504322766571;0.76;0.10215053763440861;1359;19;6;328
0;Audio;LR_TFIDF_RandomUnder;data/readme_preprocessed_train.csv;data/readme_preprocessed_test.csv;0.02595973014831543;0.023413658142089844;0.04113578796386719;0.04042339324951172;0.025443553924560547;0.03127522468566894;0.007580995559692383;0.008036375045776367;0.011574268341064453;0.009752511978149414;0.0066068172454833984;0.008710193634033202;0.7222222222222222;0.8823529411764706;0.7058823529411765;0.8235294117647058;0.8823529411764706;0.8032679738562092;0.8333333333333334;1.0;0.7142857142857143;1.0;0.8;0.8695238095238096;0.5555555555555556;0.75;0.625;0.625;1.0;0.711111111111111;0.6666666666666667;0.8571428571428571;0.6666666666666666;0.7692307692307693;0.888888888888889;0.7697191697191696;8;9;7;9;7;8.0;5;6;5;5;8;5.8;4;2;3;3;0;2.4;1;0;2;0;2;1.0;0.9287383177570093;0.1297709923664122;0.68;0.21794871794871795;1573;17;8;114
0;Audio;SVC_Count_Vectors_RandomUnder;data/readme_preprocessed_train.csv;data/readme_preprocessed_test.csv;0.047592878341674805;0.053588151931762695;0.05371546745300293;0.05879068374633789;0.05769228935241699;0.054275894165039064;0.012504339218139648;0.015082597732543945;0.017182588577270508;0.015361309051513672;0.013323307037353516;0.014690828323364259;0.7777777777777778;0.7058823529411765;0.6470588235294118;0.8235294117647058;0.6470588235294118;0.7202614379084967;0.8571428571428571;0.8;0.6;1.0;0.625;0.7764285714285715;0.6666666666666666;0.5;0.75;0.625;0.625;0.6333333333333333;0.75;0.6153846153846154;0.6666666666666665;0.7692307692307693;0.625;0.6852564102564103;8;8;5;9;6;7.2;6;4;6;5;5;5.2;3;4;2;3;3;3.0;1;1;4;0;3;1.8;0.9228971962616822;0.1258741258741259;0.72;0.21428571428571433;1562;18;7;125
0;Audio;SVC_TFIDF_RandomUnder;data/readme_preprocessed_train.csv;data/readme_preprocessed_test.csv;0.04909515380859375;0.031031131744384766;0.03336477279663086;0.050392866134643555;0.03380727767944336;0.039538240432739256;0.008805274963378906;0.008313179016113281;0.009414196014404297;0.007821083068847656;0.007162570953369141;0.008303260803222657;0.7222222222222222;0.7058823529411765;0.7058823529411765;0.7647058823529411;0.7647058823529411;0.7326797385620915;1.0;0.8;0.7142857142857143;1.0;0.7;0.8428571428571429;0.4444444444444444;0.5;0.625;0.5;0.875;0.5888888888888889;0.6153846153846153;0.6153846153846154;0.6666666666666666;0.6666666666666666;0.7777777777777777;0.6683760683760683;9;8;7;9;6;7.8;4;4;5;4;7;4.8;5;4;3;4;1;3.4;0;1;2;0;3;1.2;0.9252336448598131;0.1347517730496454;0.76;0.22891566265060243;1565;19;6;122
0;Audio;KNN_Count_Vectors_RandomUnder;data/readme_preprocessed_train.csv;data/readme_preprocessed_test.csv;0.040259599685668945;0.04024910926818848;0.03705954551696777;0.02663111686706543;0.0483090877532959;0.0385016918182373;0.03854846954345703;0.04234004020690918;0.03829073905944824;0.025194168090820312;0.02974987030029297;0.03482465744018555;0.5555555555555556;0.7647058823529411;0.6470588235294118;0.5294117647058824;0.5294117647058824;0.6052287581699346;0.5454545454545454;0.75;0.625;0.5;0.5;0.5840909090909091;0.6666666666666666;0.75;0.625;0.375;0.625;0.6083333333333333;0.6;0.75;0.625;0.42857142857142855;0.5555555555555556;0.5918253968253968;4;7;6;6;4;5.4;6;6;5;3;5;5.0;3;2;3;5;3;3.2;5;2;3;3;5;3.6;0.665303738317757;0.030821917808219176;0.72;0.059113300492610835;1121;18;7;566
0;Audio;KNN_TFIDF_RandomUnder;data/readme_preprocessed_train.csv;data/readme_preprocessed_test.csv;0.022681474685668945;0.03807401657104492;0.0377042293548584;0.020619869232177734;0.02218174934387207;0.028252267837524415;0.01720881462097168;0.018259048461914062;0.018885135650634766;0.018162250518798828;0.01636815071105957;0.017776679992675782;0.6666666666666666;0.8823529411764706;0.47058823529411764;0.7058823529411765;0.7058823529411765;0.6862745098039216;0.6666666666666666;1.0;0.4666666666666667;0.6666666666666666;0.6153846153846154;0.683076923076923;0.6666666666666666;0.75;0.875;0.75;1.0;0.8083333333333332;0.6666666666666666;0.8571428571428571;0.608695652173913;0.7058823529411765;0.761904761904762;0.7200584581658751;6;9;1;6;4;5.2;6;6;7;6;8;6.6;3;2;1;2;0;1.6;3;0;8;3;5;3.8;0.7511682242990654;0.041189931350114416;0.72;0.07792207792207792;1268;18;7;419
0;Audio;RandomForestClassifier_Count_Vectors_RandomUnder;data/readme_preprocessed_train.csv;data/readme_preprocessed_test.csv;0.2099590301513672;0.24530267715454102;0.24077415466308594;0.22163796424865723;0.25689053535461426;0.23491287231445312;0.028777122497558594;0.022624731063842773;0.02397751808166504;0.027154922485351562;0.015843629837036133;0.02367558479309082;0.8333333333333334;0.8823529411764706;0.7058823529411765;0.9411764705882353;0.6470588235294118;0.8019607843137256;0.8;1.0;0.7142857142857143;1.0;0.625;0.8278571428571428;0.8888888888888888;0.75;0.625;0.875;0.625;0.7527777777777778;0.8421052631578948;0.8571428571428571;0.6666666666666666;0.9333333333333333;0.625;0.7848496240601504;7;9;7;9;6;7.6;8;6;5;7;5;6.2;1;2;3;1;3;2.0;2;0;2;0;3;1.4;0.9439252336448598;0.18018018018018017;0.8;0.29411764705882354;1596;20;5;91
0;Audio;RandomForestClassifier_TFIDF_RandomUnder;data/readme_preprocessed_train.csv;data/readme_preprocessed_test.csv;0.22921490669250488;0.2470386028289795;0.2841973304748535;0.24941778182983398;0.2471613883972168;0.2514060020446777;0.03321671485900879;0.03194165229797363;0.022724628448486328;0.030797958374023438;0.028202056884765625;0.02937660217285156;0.8333333333333334;0.9411764705882353;0.7647058823529411;0.8823529411764706;0.8823529411764706;0.8607843137254901;0.875;1.0;0.75;1.0;0.8;0.885;0.7777777777777778;0.875;0.75;0.75;1.0;0.8305555555555555;0.823529411764706;0.9333333333333333;0.75;0.8571428571428571;0.888888888888889;0.850578898225957;8;9;7;9;7;8.0;7;7;6;6;8;6.8;2;1;2;2;0;1.4;1;0;2;0;2;1.0;0.9643691588785047;0.25675675675675674;0.76;0.3838383838383838;1632;19;6;55
0;Audio;Linear_SVC_Count_Vectors_RandomUnder;data/readme_preprocessed_train.csv;data/readme_preprocessed_test.csv;0.059295654296875;0.07718992233276367;0.07377076148986816;0.08161044120788574;0.047693490982055664;0.06791205406188965;0.012707710266113281;0.012426137924194336;0.015131950378417969;0.010646581649780273;0.010871410369873047;0.012356758117675781;0.7777777777777778;0.9411764705882353;0.8823529411764706;0.7058823529411765;0.5294117647058824;0.7673202614379085;0.7777777777777778;1.0;0.875;0.7142857142857143;0.5;0.7734126984126984;0.7777777777777778;0.875;0.875;0.625;0.5;0.7305555555555555;0.7777777777777778;0.9333333333333333;0.875;0.6666666666666666;0.5;0.7505555555555555;7;9;8;7;5;7.2;7;7;7;5;4;6.0;2;1;1;3;4;2.2;2;0;1;2;4;1.8;0.8726635514018691;0.07111111111111111;0.64;0.128;1478;16;9;209
0;Audio;Linear_SVC_TFIDF_RandomUnder;data/readme_preprocessed_train.csv;data/readme_preprocessed_test.csv;0.036826372146606445;0.03548407554626465;0.03608441352844238;0.056381940841674805;0.0586240291595459;0.04468016624450684;0.008637666702270508;0.009029626846313477;0.010309696197509766;0.010149002075195312;0.008205413818359375;0.009266281127929687;0.6666666666666666;0.9411764705882353;0.8235294117647058;0.8235294117647058;0.7058823529411765;0.7921568627450981;0.6666666666666666;1.0;0.7777777777777778;1.0;0.6363636363636364;0.8161616161616161;0.6666666666666666;0.875;0.875;0.625;0.875;0.7833333333333333;0.6666666666666666;0.9333333333333333;0.823529411764706;0.7692307692307693;0.7368421052631579;0.7859204572517267;6;9;7;9;5;7.2;6;7;7;5;7;6.4;3;1;1;3;1;1.8;3;0;2;0;4;1.8;0.9369158878504673;0.1732283464566929;0.88;0.28947368421052627;1582;22;3;105
0;Graphs;LR_Count_Vectors_RandomUnder;data/readme_preprocessed_train.csv;data/readme_preprocessed_test.csv;0.14334440231323242;0.14601683616638184;0.10464620590209961;0.13726067543029785;0.11017107963562012;0.12828783988952636;0.02396249771118164;0.019663572311401367;0.027820348739624023;0.023433446884155273;0.02309274673461914;0.02359452247619629;0.813953488372093;0.813953488372093;0.8372093023255814;0.7674418604651163;0.8837209302325582;0.8232558139534885;0.8823529411764706;0.782608695652174;0.8181818181818182;0.7391304347826086;0.8076923076923077;0.8059932394970758;0.7142857142857143;0.8571428571428571;0.8571428571428571;0.8095238095238095;1.0;0.8476190476190476;0.7894736842105262;0.8181818181818182;0.8372093023255814;0.7727272727272727;0.8936170212765957;0.8222418197443588;20;17;18;16;17;17.6;15;18;18;17;21;17.8;6;3;3;4;0;3.2;2;5;4;6;5;4.4;0.8522196261682243;0.0830188679245283;0.6875;0.14814814814814814;1437;22;10;243
0;Graphs;LR_TFIDF_RandomUnder;data/readme_preprocessed_train.csv;data/readme_preprocessed_test.csv;0.051450490951538086;0.0533146858215332;0.07880949974060059;0.05152010917663574;0.08227944374084473;0.06347484588623047;0.012511014938354492;0.011729955673217773;0.018746376037597656;0.012186527252197266;0.01543426513671875;0.014121627807617188;0.8837209302325582;0.8372093023255814;0.8837209302325582;0.8372093023255814;0.8604651162790697;0.8604651162790699;1.0;0.8888888888888888;0.9444444444444444;0.8888888888888888;0.9411764705882353;0.9326797385620914;0.7619047619047619;0.7619047619047619;0.8095238095238095;0.7619047619047619;0.7619047619047619;0.7714285714285714;0.8648648648648648;0.8205128205128205;0.8717948717948718;0.8205128205128205;0.8421052631578947;0.8439581281686545;22;20;21;20;21;20.8;16;16;17;16;16;16.2;5;5;4;5;5;4.8;0;2;1;2;1;1.2;0.9567757009345794;0.26136363636363635;0.71875;0.3833333333333333;1615;23;9;65
0;Graphs;SVC_Count_Vectors_RandomUnder;data/readme_preprocessed_train.csv;data/readme_preprocessed_test.csv;0.1528329849243164;0.15767908096313477;0.14330005645751953;0.147538423538208;0.11678838729858398;0.14362778663635253;0.021448135375976562;0.019165754318237305;0.02718353271484375;0.022513151168823242;0.01753973960876465;0.0215700626373291;0.6976744186046512;0.6976744186046512;0.7674418604651163;0.7441860465116279;0.7209302325581395;0.7255813953488373;0.7857142857142857;0.9;0.8666666666666667;0.75;0.8;0.8204761904761904;0.5238095238095238;0.42857142857142855;0.6190476190476191;0.7142857142857143;0.5714285714285714;0.5714285714285714;0.6285714285714286;0.5806451612903225;0.7222222222222222;0.7317073170731706;0.6666666666666666;0.6659625591647621;19;21;20;17;19;19.2;11;9;13;15;12;12.0;10;12;8;6;9;9.0;3;1;2;5;3;2.8;0.860981308411215;0.07083333333333333;0.53125;0.125;1457;17;15;223
0;Graphs;SVC_TFIDF_RandomUnder;data/readme_preprocessed_train.csv;data/readme_preprocessed_test.csv;0.1199347972869873;0.15703225135803223;0.145064115524292;0.11549091339111328;0.1469261646270752;0.1368896484375;0.0193636417388916;0.019530773162841797;0.029550790786743164;0.019710302352905273;0.025322675704956055;0.022695636749267577;0.8372093023255814;0.7441860465116279;0.8604651162790697;0.7674418604651163;0.7674418604651163;0.7953488372093023;1.0;0.7777777777777778;0.9411764705882353;0.7894736842105263;0.7894736842105263;0.8595803233574133;0.6666666666666666;0.6666666666666666;0.7619047619047619;0.7142857142857143;0.7142857142857143;0.7047619047619047;0.8;0.717948717948718;0.8421052631578947;0.7500000000000001;0.7500000000000001;0.7720107962213225;22;18;21;18;18;19.4;14;14;16;15;15;14.8;7;7;5;6;6;6.2;0;4;1;4;4;2.6;0.9007009345794392;0.125;0.71875;0.21296296296296297;1519;23;9;161
0;Graphs;KNN_Count_Vectors_RandomUnder;data/readme_preprocessed_train.csv;data/readme_preprocessed_test.csv;0.08339524269104004;0.08728313446044922;0.08204340934753418;0.07481026649475098;0.0822763442993164;0.08196167945861817;0.04249453544616699;0.03796195983886719;0.0458369255065918;0.04028511047363281;0.04339289665222168;0.04199428558349609;0.7906976744186046;0.7906976744186046;0.8372093023255814;0.7209302325581395;0.7906976744186046;0.786046511627907;0.9285714285714286;1.0;0.9375;0.7647058823529411;0.8;0.886155462184874;0.6190476190476191;0.5714285714285714;0.7142857142857143;0.6190476190476191;0.7619047619047619;0.6571428571428571;0.742857142857143;0.7272727272727273;0.8108108108108109;0.6842105263157895;0.7804878048780488;0.7491278024269039;21;22;21;18;18;20.0;13;12;15;13;16;13.8;8;9;6;8;5;7.2;1;0;1;4;4;2.0;0.9123831775700935;0.10135135135135136;0.46875;0.16666666666666669;1547;15;17;133
0;Graphs;KNN_TFIDF_RandomUnder;data/readme_preprocessed_train.csv;data/readme_preprocessed_test.csv;0.07668352127075195;0.08179330825805664;0.07692885398864746;0.04389476776123047;0.07690858840942383;0.07124180793762207;0.030514240264892578;0.021578073501586914;0.025005817413330078;0.020459890365600586;0.028818845748901367;0.025275373458862306;0.9069767441860465;0.7441860465116279;0.813953488372093;0.8604651162790697;0.813953488372093;0.8279069767441859;1.0;0.75;0.8823529411764706;0.8947368421052632;0.8421052631578947;0.8738390092879257;0.8095238095238095;0.7142857142857143;0.7142857142857143;0.8095238095238095;0.7619047619047619;0.7619047619047619;0.8947368421052632;0.7317073170731706;0.7894736842105262;0.8500000000000001;0.8;0.8131835686777921;22;17;20;20;19;19.6;17;15;15;17;16;16.0;4;6;6;4;5;5.0;0;5;2;2;3;2.4;0.8907710280373832;0.11055276381909548;0.6875;0.1904761904761905;1503;22;10;177
0;Graphs;RandomForestClassifier_Count_Vectors_RandomUnder;data/readme_preprocessed_train.csv;data/readme_preprocessed_test.csv;0.3294186592102051;0.307140588760376;0.3012874126434326;0.32658910751342773;0.3005056381225586;0.31298828125;0.038851261138916016;0.06142878532409668;0.040496826171875;0.029963254928588867;0.03391575813293457;0.040931177139282224;0.9069767441860465;0.9534883720930233;0.9069767441860465;0.8372093023255814;0.9069767441860465;0.9023255813953488;1.0;1.0;0.8695652173913043;0.85;1.0;0.9439130434782609;0.8095238095238095;0.9047619047619048;0.9523809523809523;0.8095238095238095;0.8095238095238095;0.8571428571428571;0.8947368421052632;0.9500000000000001;0.909090909090909;0.8292682926829269;0.8947368421052632;0.8955665771968724;22;22;19;19;22;20.8;17;19;20;17;17;18.0;4;2;1;4;4;3.0;0;0;3;3;0;1.2;0.9170560747663551;0.1518987341772152;0.75;0.25263157894736843;1546;24;8;134
0;Graphs;RandomForestClassifier_TFIDF_RandomUnder;data/readme_preprocessed_train.csv;data/readme_preprocessed_test.csv;0.25918006896972656;0.21315789222717285;0.2930867671966553;0.2912106513977051;0.25704145431518555;0.26273536682128906;0.03325033187866211;0.039467811584472656;0.03244209289550781;0.02977299690246582;0.03617358207702637;0.03422136306762695;0.9302325581395349;0.9302325581395349;0.9069767441860465;0.8837209302325582;0.8837209302325582;0.9069767441860466;1.0;1.0;0.8695652173913043;0.9444444444444444;0.9444444444444444;0.9516908212560387;0.8571428571428571;0.8571428571428571;0.9523809523809523;0.8095238095238095;0.8095238095238095;0.8571428571428571;0.923076923076923;0.923076923076923;0.909090909090909;0.8717948717948718;0.8717948717948718;0.8997668997668997;22;22;19;21;21;21.0;18;18;20;17;17;18.0;3;3;1;4;4;3.0;0;0;3;1;1;1.0;0.9392523364485982;0.2;0.75;0.31578947368421056;1584;24;8;96
0;Graphs;Linear_SVC_Count_Vectors_RandomUnder;data/readme_preprocessed_train.csv;data/readme_preprocessed_test.csv;0.09943842887878418;0.11317586898803711;0.10106134414672852;0.14094185829162598;0.14169597625732422;0.1192626953125;0.01928997039794922;0.018570899963378906;0.027357101440429688;0.024743080139160156;0.026419878005981445;0.02327618598937988;0.8837209302325582;0.813953488372093;0.8604651162790697;0.6976744186046512;0.9302325581395349;0.8372093023255814;1.0;0.8823529411764706;0.9411764705882353;0.6428571428571429;0.95;0.8832773109243697;0.7619047619047619;0.7142857142857143;0.7619047619047619;0.8571428571428571;0.9047619047619048;0.8;0.8648648648648648;0.7894736842105262;0.8421052631578947;0.7346938775510204;0.9268292682926829;0.8315933916153977;22;20;21;12;21;19.2;16;15;16;18;19;16.8;5;6;5;3;2;4.2;0;2;1;10;1;2.8;0.9433411214953271;0.19047619047619047;0.625;0.291970802919708;1595;20;12;85
0;Graphs;Linear_SVC_TFIDF_RandomUnder;data/readme_preprocessed_train.csv;data/readme_preprocessed_test.csv;0.11781930923461914;0.12124752998352051;0.12076425552368164;0.07112526893615723;0.0679941177368164;0.09979009628295898;0.016904115676879883;0.014761209487915039;0.017447233200073242;0.014355182647705078;0.016698360443115234;0.016033220291137695;0.9302325581395349;0.9534883720930233;0.9534883720930233;0.813953488372093;0.9534883720930233;0.9209302325581395;1.0;0.9523809523809523;0.9523809523809523;0.76;0.9523809523809523;0.9234285714285715;0.8571428571428571;0.9523809523809523;0.9523809523809523;0.9047619047619048;0.9523809523809523;0.9238095238095237;0.923076923076923;0.9523809523809523;0.9523809523809523;0.8260869565217391;0.9523809523809523;0.9212613473483039;22;21;21;16;21;20.2;18;20;20;19;20;19.4;3;1;1;2;1;1.6;0;1;1;6;1;1.8;0.9643691588785047;0.3253012048192771;0.84375;0.4695652173913043;1624;27;5;56
0;Reinforcement Learning;LR_Count_Vectors_RandomUnder;data/readme_preprocessed_train.csv;data/readme_preprocessed_test.csv;0.22596359252929688;0.22861862182617188;0.19864869117736816;0.22396421432495117;0.25318193435668945;0.2260754108428955;0.03837466239929199;0.03815150260925293;0.028179407119750977;0.044643402099609375;0.01731109619140625;0.033332014083862306;0.9252336448598131;0.8504672897196262;0.794392523364486;0.8411214953271028;0.8504672897196262;0.8523364485981307;0.96;0.8545454545454545;0.7619047619047619;0.8958333333333334;0.8679245283018868;0.8680416156170873;0.8888888888888888;0.8545454545454545;0.8727272727272727;0.7818181818181819;0.8363636363636363;0.8468686868686868;0.923076923076923;0.8545454545454545;0.8135593220338982;0.8349514563106797;0.8518518518518519;0.8555970015637614;48;47;48;43;46;46.4;51;44;37;47;45;44.8;2;8;15;5;7;7.4;6;8;7;12;9;8.4;0.8820093457943925;0.29770992366412213;0.8125;0.43575418994413406;78;1432;184;18
0;Reinforcement Learning;LR_TFIDF_RandomUnder;data/readme_preprocessed_train.csv;data/readme_preprocessed_test.csv;0.16557097434997559;0.10411667823791504;0.1043708324432373;0.09510540962219238;0.1727306842803955;0.12837891578674315;0.02362513542175293;0.023110389709472656;0.026354312896728516;0.030567646026611328;0.015288591384887695;0.023789215087890624;0.9065420560747663;0.8878504672897196;0.8037383177570093;0.8785046728971962;0.9065420560747663;0.8766355140186916;0.9583333333333334;0.9215686274509803;0.7931034482758621;0.9565217391304348;0.9591836734693877;0.9177421643319995;0.8518518518518519;0.8545454545454545;0.8363636363636363;0.8;0.8545454545454545;0.8394612794612794;0.9019607843137256;0.8867924528301887;0.8141592920353982;0.8712871287128713;0.9038461538461537;0.8756091623476674;46;47;46;44;47;46.0;51;48;40;50;50;47.8;2;4;12;2;2;4.4;8;8;9;11;8;8.8;0.9304906542056075;0.4303030303030303;0.7395833333333334;0.5440613026819924;71;1522;94;25
0;Reinforcement Learning;SVC_Count_Vectors_RandomUnder;data/readme_preprocessed_train.csv;data/readme_preprocessed_test.csv;0.427105188369751;0.3899827003479004;0.42702722549438477;0.3552436828613281;0.4598708152770996;0.4118459224700928;0.04122424125671387;0.04544377326965332;0.05394458770751953;0.06617951393127441;0.03899502754211426;0.04915742874145508;0.897196261682243;0.8691588785046729;0.8130841121495327;0.8504672897196262;0.8411214953271028;0.8542056074766355;1.0;0.9361702127659575;0.8571428571428571;0.9534883720930233;1.0;0.9493602884003675;0.7962962962962963;0.8;0.7636363636363637;0.7454545454545455;0.6909090909090909;0.7592592592592593;0.8865979381443299;0.8627450980392157;0.8076923076923076;0.8367346938775511;0.8172043010752689;0.8421948677657346;43;44;42;41;38;41.6;53;49;45;50;52;49.8;0;3;7;2;0;2.4;11;11;13;14;17;13.2;0.9421728971962616;0.48872180451127817;0.6770833333333334;0.5676855895196506;65;1548;68;31
0;Reinforcement Learning;SVC_TFIDF_RandomUnder;data/readme_preprocessed_train.csv;data/readme_preprocessed_test.csv;0.2774474620819092;0.3773000240325928;0.26110219955444336;0.3618006706237793;0.2790844440460205;0.31134696006774903;0.03433418273925781;0.024544715881347656;0.03214764595031738;0.029129743576049805;0.027959346771240234;0.029623126983642577;0.9065420560747663;0.8785046728971962;0.8317757009345794;0.8504672897196262;0.897196261682243;0.8728971962616823;0.9782608695652174;0.92;0.8245614035087719;0.9534883720930233;0.9583333333333334;0.9269287957000693;0.8333333333333334;0.8363636363636363;0.8545454545454545;0.7454545454545455;0.8363636363636363;0.8212121212121213;0.9;0.8761904761904761;0.8392857142857144;0.8367346938775511;0.8932038834951457;0.8690829535697773;45;46;47;41;46;45.0;52;48;42;50;50;48.4;1;4;10;2;2;3.8;9;9;8;14;9;9.8;0.9223130841121495;0.3989071038251366;0.7604166666666666;0.5232974910394265;73;1506;110;23
0;Reinforcement Learning;KNN_Count_Vectors_RandomUnder;data/readme_preprocessed_train.csv;data/readme_preprocessed_test.csv;0.13715624809265137;0.15213537216186523;0.15977835655212402;0.18072080612182617;0.1885538101196289;0.16366891860961913;0.04226398468017578;0.044499874114990234;0.038633108139038086;0.05314040184020996;0.03943800926208496;0.043595075607299805;0.8411214953271028;0.8037383177570093;0.6728971962616822;0.8037383177570093;0.8878504672897196;0.8018691588785046;0.8135593220338984;0.7741935483870968;0.6428571428571429;0.8148148148148148;0.8412698412698413;0.7773389338725589;0.8888888888888888;0.8727272727272727;0.8181818181818182;0.8;0.9636363636363636;0.8686868686868687;0.8495575221238938;0.8205128205128205;0.7200000000000001;0.8073394495412846;0.8983050847457628;0.8191429753847522;48;48;45;44;53;47.6;42;38;27;42;42;38.2;11;14;25;10;10;14.0;6;7;10;11;2;7.2;0.7757009345794392;0.18421052631578946;0.875;0.30434782608695654;84;1244;372;12
0;Reinforcement Learning;KNN_TFIDF_RandomUnder;data/readme_preprocessed_train.csv;data/readme_preprocessed_test.csv;0.1623678207397461;0.0961601734161377;0.09630942344665527;0.08971023559570312;0.15946650505065918;0.12080283164978027;0.03009200096130371;0.03676795959472656;0.03867197036743164;0.042978525161743164;0.0255434513092041;0.034810781478881836;0.8785046728971962;0.8691588785046729;0.7850467289719626;0.8598130841121495;0.8691588785046729;0.852336448598131;1.0;0.9361702127659575;0.8076923076923077;0.9166666666666666;0.9183673469387755;0.9157793068127414;0.7592592592592593;0.8;0.7636363636363637;0.8;0.8181818181818182;0.7882154882154883;0.8631578947368421;0.8627450980392157;0.7850467289719626;0.854368932038835;0.8653846153846154;0.8461406538342942;41;44;42;44;45;43.2;53;49;42;48;48;48.0;0;3;10;4;4;4.2;13;11;13;11;10;11.6;0.9199766355140186;0.3854748603351955;0.71875;0.5018181818181818;69;1506;110;27
0;Reinforcement Learning;RandomForestClassifier_Count_Vectors_RandomUnder;data/readme_preprocessed_train.csv;data/readme_preprocessed_test.csv;0.3697776794433594;0.4795420169830322;0.4090914726257324;0.4681081771850586;0.45517420768737793;0.4363387107849121;0.08699822425842285;0.05382966995239258;0.06609344482421875;0.0519413948059082;0.047548532485961914;0.06128225326538086;0.9252336448598131;0.9252336448598131;0.8504672897196262;0.9158878504672897;0.9345794392523364;0.9102803738317757;0.96;0.9272727272727272;0.8095238095238095;0.9423076923076923;0.9444444444444444;0.9167097347097348;0.8888888888888888;0.9272727272727272;0.9272727272727272;0.8909090909090909;0.9272727272727272;0.9123232323232322;0.923076923076923;0.9272727272727272;0.864406779661017;0.9158878504672897;0.9357798165137615;0.9132848193983436;48;51;51;49;51;50.0;51;48;40;49;49;47.4;2;4;12;3;3;4.8;6;4;4;6;4;4.8;0.9398364485981309;0.47953216374269003;0.8541666666666666;0.6142322097378278;82;1527;89;14
0;Reinforcement Learning;RandomForestClassifier_TFIDF_RandomUnder;data/readme_preprocessed_train.csv;data/readme_preprocessed_test.csv;0.405911922454834;0.2859196662902832;0.42023491859436035;0.40562868118286133;0.3807508945465088;0.37968921661376953;0.04495716094970703;0.06423616409301758;0.03996157646179199;0.049861907958984375;0.048920631408691406;0.04958748817443848;0.9158878504672897;0.9345794392523364;0.822429906542056;0.9065420560747663;0.9345794392523364;0.902803738317757;0.9591836734693877;0.98;0.7727272727272727;0.9411764705882353;0.98;0.9266174833569792;0.8703703703703703;0.8909090909090909;0.9272727272727272;0.8727272727272727;0.8909090909090909;0.8904377104377105;0.912621359223301;0.9333333333333333;0.8429752066115703;0.9056603773584905;0.9333333333333333;0.9055847219720057;47;49;51;48;49;48.8;51;51;37;49;51;47.8;2;1;15;3;1;4.4;7;6;4;7;6;6.0;0.9369158878504673;0.4659090909090909;0.8541666666666666;0.6029411764705882;82;1522;94;14
0;Reinforcement Learning;Linear_SVC_Count_Vectors_RandomUnder;data/readme_preprocessed_train.csv;data/readme_preprocessed_test.csv;0.23446202278137207;0.19294023513793945;0.18428444862365723;0.1790163516998291;0.24248099327087402;0.20663681030273437;0.023087024688720703;0.025768518447875977;0.028653860092163086;0.03035283088684082;0.015328168869018555;0.02463808059692383;0.9626168224299065;0.9439252336448598;0.9626168224299065;0.9252336448598131;0.9532710280373832;0.9495327102803739;1.0;0.9454545454545454;0.9473684210526315;0.9795918367346939;1.0;0.974482960648374;0.9259259259259259;0.9454545454545454;0.9818181818181818;0.8727272727272727;0.9090909090909091;0.9270033670033669;0.9615384615384615;0.9454545454545454;0.9642857142857142;0.923076923076923;0.9523809523809523;0.9493473193473193;50;52;54;48;50;50.8;53;49;49;51;52;50.8;0;3;3;1;0;1.4;4;3;1;7;5;4.0;0.9304906542056075;0.4350282485875706;0.8020833333333334;0.5641025641025641;77;1516;100;19
0;Reinforcement Learning;Linear_SVC_TFIDF_RandomUnder;data/readme_preprocessed_train.csv;data/readme_preprocessed_test.csv;0.24581193923950195;0.22983527183532715;0.22998571395874023;0.2320849895477295;0.13375210762023926;0.2142940044403076;0.03749585151672363;0.035092830657958984;0.03533577919006348;0.04526567459106445;0.03246474266052246;0.0371309757232666;0.9719626168224299;0.9626168224299065;0.9719626168224299;0.9626168224299065;1.0;0.9738317757009346;1.0;0.9636363636363636;0.9482758620689655;1.0;1.0;0.9823824451410659;0.9444444444444444;0.9636363636363636;1.0;0.9272727272727272;1.0;0.9670707070707071;0.9714285714285714;0.9636363636363636;0.9734513274336283;0.9622641509433962;1.0;0.9741560826883919;51;53;55;51;55;53.0;53;50;49;52;52;51.2;0;2;3;0;0;1.0;3;2;0;4;0;1.8;0.9661214953271028;0.6532258064516129;0.84375;0.7363636363636363;81;1573;43;15
