PipelineID;Pipeline;train_set;fit_time_cv1;fit_time_cv2;fit_time_cv3;fit_time_cv4;fit_time_cv5;fit_time_mean;score_time_cv1;score_time_cv2;score_time_cv3;score_time_cv4;score_time_cv5;score_time_mean;test_accuracy_cv1;test_accuracy_cv2;test_accuracy_cv3;test_accuracy_cv4;test_accuracy_cv5;test_accuracy_mean;train_accuracy_cv1;train_accuracy_cv2;train_accuracy_cv3;train_accuracy_cv4;train_accuracy_cv5;train_accuracy_mean;test_precision_cv1;test_precision_cv2;test_precision_cv3;test_precision_cv4;test_precision_cv5;test_precision_mean;train_precision_cv1;train_precision_cv2;train_precision_cv3;train_precision_cv4;train_precision_cv5;train_precision_mean;test_recall_cv1;test_recall_cv2;test_recall_cv3;test_recall_cv4;test_recall_cv5;test_recall_mean;train_recall_cv1;train_recall_cv2;train_recall_cv3;train_recall_cv4;train_recall_cv5;train_recall_mean;test_f1-score_cv1;test_f1-score_cv2;test_f1-score_cv3;test_f1-score_cv4;test_f1-score_cv5;test_f1-score_mean;train_f1-score_cv1;train_f1-score_cv2;train_f1-score_cv3;train_f1-score_cv4;train_f1-score_cv5;train_f1-score_mean;test_tp_cv1;test_tp_cv2;test_tp_cv3;test_tp_cv4;test_tp_cv5;test_tp_mean;train_tp_cv1;train_tp_cv2;train_tp_cv3;train_tp_cv4;train_tp_cv5;train_tp_mean;test_tn_cv1;test_tn_cv2;test_tn_cv3;test_tn_cv4;test_tn_cv5;test_tn_mean;train_tn_cv1;train_tn_cv2;train_tn_cv3;train_tn_cv4;train_tn_cv5;train_tn_mean;test_fp_cv1;test_fp_cv2;test_fp_cv3;test_fp_cv4;test_fp_cv5;test_fp_mean;train_fp_cv1;train_fp_cv2;train_fp_cv3;train_fp_cv4;train_fp_cv5;train_fp_mean;test_fn_cv1;test_fn_cv2;test_fn_cv3;test_fn_cv4;test_fn_cv5;test_fn_mean;train_fn_cv1;train_fn_cv2;train_fn_cv3;train_fn_cv4;train_fn_cv5;train_fn_mean
Natural Language Processing;LR_Count_Vectors_RandomUnder;data/train_test_data/readme_negative_samples_preprocessed_train.csv;1.9195775985717773;1.8755335807800293;1.9887259006500244;1.7620580196380615;1.9694037437438965;1.9030597686767579;0.13491082191467285;0.17356204986572266;0.2695910930633545;0.1901545524597168;0.3396000862121582;0.221563720703125;0.9150326797385621;0.8954248366013072;0.9276315789473685;0.9078947368421053;0.9276315789473685;0.9147230822153423;1.0;1.0;1.0;1.0;1.0;1.0;0.8809523809523809;0.9166666666666666;0.922077922077922;0.918918918918919;0.9577464788732394;0.9192724734978256;1.0;1.0;1.0;1.0;1.0;1.0;0.961038961038961;0.868421052631579;0.9342105263157895;0.8947368421052632;0.8947368421052632;0.9106288448393711;1.0;1.0;1.0;1.0;1.0;1.0;0.9192546583850931;0.8918918918918918;0.9281045751633986;0.9066666666666667;0.9251700680272109;0.9142175720268522;1.0;1.0;1.0;1.0;1.0;1.0;66;71;70;70;73;70.0;305;304;305;305;305;304.8;74;66;71;68;68;69.4;304;305;305;305;305;304.8;3;10;5;8;8;6.8;0;0;0;0;0;0.0;10;6;6;6;3;6.2;0;0;0;0;0;0.0
Natural Language Processing;LR_TFIDF_RandomUnder;data/train_test_data/readme_negative_samples_preprocessed_train.csv;0.9521579742431641;0.9894943237304688;1.0575544834136963;0.992621898651123;0.8633389472961426;0.9710335254669189;0.13884234428405762;0.28511571884155273;0.19090771675109863;0.16799521446228027;0.323636531829834;0.22129950523376465;0.934640522875817;0.9411764705882353;0.9539473684210527;0.9276315789473685;0.9539473684210527;0.9422686618507052;0.986863711001642;0.993431855500821;0.9901639344262295;0.9901639344262295;0.9901639344262295;0.9901574739562303;0.935064935064935;0.9240506329113924;0.948051948051948;0.922077922077922;0.96;0.9378490876212394;0.9774193548387097;0.9870550161812298;0.9838187702265372;0.9838187702265372;0.9869706840390879;0.9838165191024203;0.935064935064935;0.9605263157894737;0.9605263157894737;0.9342105263157895;0.9473684210526315;0.9475393028024607;0.9967105263157895;1.0;0.9967213114754099;0.9967213114754099;0.9934426229508196;0.9967191544434858;0.935064935064935;0.9419354838709677;0.9542483660130718;0.9281045751633986;0.9536423841059603;0.9425991488436667;0.9869706840390879;0.993485342019544;0.9902280130293161;0.9902280130293161;0.9901960784313726;0.9902216261097273;71;71;72;70;73;71.4;298;300;300;300;301;299.8;72;73;73;71;72;72.2;303;305;304;304;303;303.8;5;3;3;5;4;4.0;1;0;1;1;2;1.0;5;6;4;6;3;4.8;7;4;5;5;4;5.0
Natural Language Processing;SVC_Count_Vectors_RandomUnder;data/train_test_data/readme_negative_samples_preprocessed_train.csv;5.106843709945679;4.636093378067017;4.733048439025879;6.362780809402466;6.10784912109375;5.389323091506958;0.3193371295928955;0.3556537628173828;0.353346586227417;0.30907607078552246;0.47392892837524414;0.36226849555969237;0.6078431372549019;0.6666666666666666;0.6513157894736842;0.631578947368421;0.6776315789473685;0.6470072239422084;0.6748768472906403;0.6633825944170771;0.6639344262295082;0.6655737704918033;0.6672131147540984;0.6669961506366254;0.5639097744360902;0.5984251968503937;0.5905511811023622;0.5757575757575758;0.6097560975609756;0.5876799651414795;0.6055776892430279;0.5980392156862745;0.5980392156862745;0.5992141453831041;0.6003937007874016;0.6002527933572166;0.974025974025974;1.0;0.9868421052631579;1.0;0.9868421052631579;0.989542036910458;1.0;1.0;1.0;1.0;1.0;1.0;0.7142857142857143;0.748768472906404;0.7389162561576355;0.7307692307692308;0.7537688442211055;0.737301703668018;0.7543424317617866;0.7484662576687116;0.7484662576687116;0.7493857493857494;0.7503075030750308;0.7501936399119981;18;26;24;20;28;23.2;107;99;100;101;102;101.8;75;76;75;76;75;75.4;304;305;305;305;305;304.8;2;0;1;0;1;0.8;0;0;0;0;0;0.0;58;51;52;56;48;53.0;198;205;205;204;203;203.0
Natural Language Processing;SVC_TFIDF_RandomUnder;data/train_test_data/readme_negative_samples_preprocessed_train.csv;6.6409289836883545;6.6001691818237305;4.690430164337158;4.716047048568726;4.794967412948608;5.488508558273315;0.23244118690490723;0.26111793518066406;0.3266596794128418;0.33402299880981445;0.39724016189575195;0.3102963924407959;0.9477124183006536;0.934640522875817;0.9539473684210527;0.9342105263157895;0.9605263157894737;0.9462074303405572;1.0;1.0;1.0;1.0;1.0;1.0;0.96;0.9230769230769231;0.96;0.9342105263157895;0.9605263157894737;0.9475627530364372;1.0;1.0;1.0;1.0;1.0;1.0;0.935064935064935;0.9473684210526315;0.9473684210526315;0.9342105263157895;0.9605263157894737;0.9449077238550923;1.0;1.0;1.0;1.0;1.0;1.0;0.9473684210526316;0.935064935064935;0.9536423841059603;0.9342105263157895;0.9605263157894737;0.946162516465758;1.0;1.0;1.0;1.0;1.0;1.0;73;71;73;71;73;72.2;305;304;305;305;305;304.8;72;72;72;71;73;72.0;304;305;305;305;305;304.8;5;4;4;5;3;4.2;0;0;0;0;0;0.0;3;6;3;5;3;4.0;0;0;0;0;0;0.0
Natural Language Processing;KNN_Count_Vectors_RandomUnder;data/train_test_data/readme_negative_samples_preprocessed_train.csv;1.093775749206543;0.5465450286865234;0.6263303756713867;0.5528740882873535;0.9813590049743652;0.7601768493652343;0.2759408950805664;0.21610522270202637;0.2616920471191406;0.23563051223754883;0.3664391040802002;0.2711615562438965;0.8300653594771242;0.7450980392156863;0.9013157894736842;0.8421052631578947;0.8486842105263158;0.833453732370141;1.0;1.0;1.0;1.0;1.0;1.0;0.7684210526315789;0.6666666666666666;0.8961038961038961;0.9193548387096774;0.9206349206349206;0.834236274949348;1.0;1.0;1.0;1.0;1.0;1.0;0.948051948051948;0.9736842105263158;0.9078947368421053;0.75;0.7631578947368421;0.8685577580314423;1.0;1.0;1.0;1.0;1.0;1.0;0.8488372093023255;0.7914438502673797;0.9019607843137255;0.826086956521739;0.8345323741007195;0.8405722349011778;1.0;1.0;1.0;1.0;1.0;1.0;54;40;68;71;71;60.8;305;304;305;305;305;304.8;73;74;69;57;58;66.2;304;305;305;305;305;304.8;4;2;7;19;18;10.0;0;0;0;0;0;0.0;22;37;8;5;5;15.4;0;0;0;0;0;0.0
Natural Language Processing;KNN_TFIDF_RandomUnder;data/train_test_data/readme_negative_samples_preprocessed_train.csv;0.6674895286560059;0.6536276340484619;1.1152253150939941;0.5703024864196777;1.066931962966919;0.8147153854370117;0.1584315299987793;0.20239901542663574;0.34555888175964355;0.17180442810058594;0.42907285690307617;0.26145334243774415;0.9281045751633987;0.8954248366013072;0.9078947368421053;0.9078947368421053;0.9276315789473685;0.9133900928792571;0.9589490968801314;0.9408866995073891;0.940983606557377;0.9508196721311475;0.9508196721311475;0.9484917494414384;0.8928571428571429;0.8658536585365854;0.8780487804878049;0.8974358974358975;0.9113924050632911;0.8891175768761442;0.9400630914826499;0.9138461538461539;0.9138461538461539;0.9337539432176656;0.9256965944272446;0.9254411873639736;0.974025974025974;0.9342105263157895;0.9473684210526315;0.9210526315789473;0.9473684210526315;0.9448051948051948;0.9802631578947368;0.9737704918032787;0.9737704918032787;0.9704918032786886;0.980327868852459;0.9757247627264883;0.9316770186335404;0.8987341772151899;0.9113924050632912;0.9090909090909091;0.9290322580645162;0.9159853536134893;0.9597423510466989;0.9428571428571428;0.9428571428571428;0.9517684887459807;0.9522292993630573;0.9498908849740045;67;66;66;68;69;67.2;286;276;277;284;281;280.8;75;71;72;70;72;72.0;298;297;297;296;299;297.4;2;5;4;6;4;4.2;6;8;8;9;6;7.4;9;11;10;8;7;9.0;19;28;28;21;24;24.0
Natural Language Processing;RandomForestClassifier_Count_Vectors_RandomUnder;data/train_test_data/readme_negative_samples_preprocessed_train.csv;1.804811716079712;1.2434115409851074;1.2231004238128662;1.1713323593139648;1.6749544143676758;1.4235220909118653;0.25850749015808105;0.20826339721679688;0.2076411247253418;0.20981597900390625;0.3970978260040283;0.25626516342163086;0.8954248366013072;0.9281045751633987;0.9407894736842105;0.9013157894736842;0.9342105263157895;0.9199690402476781;1.0;1.0;1.0;1.0;1.0;1.0;0.8426966292134831;0.891566265060241;0.9135802469135802;0.8860759493670886;0.9125;0.8892838181108786;1.0;1.0;1.0;1.0;1.0;1.0;0.974025974025974;0.9736842105263158;0.9736842105263158;0.9210526315789473;0.9605263157894737;0.9605946684894053;1.0;1.0;1.0;1.0;1.0;1.0;0.9036144578313253;0.930817610062893;0.9426751592356688;0.9032258064516129;0.935897435897436;0.9232460938957873;1.0;1.0;1.0;1.0;1.0;1.0;62;68;69;67;69;67.0;305;304;305;305;305;304.8;75;74;74;70;73;73.2;304;305;305;305;305;304.8;2;2;2;6;3;3.0;0;0;0;0;0;0.0;14;9;7;9;7;9.2;0;0;0;0;0;0.0
Natural Language Processing;RandomForestClassifier_TFIDF_RandomUnder;data/train_test_data/readme_negative_samples_preprocessed_train.csv;1.2493054866790771;1.1302568912506104;1.8442962169647217;1.1715903282165527;1.7433369159698486;1.427757167816162;0.1714329719543457;0.2093667984008789;0.3391847610473633;0.2149348258972168;0.4133121967315674;0.26964631080627444;0.8888888888888888;0.8888888888888888;0.9276315789473685;0.9013157894736842;0.9276315789473685;0.9068713450292398;1.0;1.0;1.0;1.0;1.0;1.0;0.8260869565217391;0.8641975308641975;0.9113924050632911;0.8765432098765432;0.922077922077922;0.8800596048807385;1.0;1.0;1.0;1.0;1.0;1.0;0.987012987012987;0.9210526315789473;0.9473684210526315;0.9342105263157895;0.9342105263157895;0.9447710184552289;1.0;1.0;1.0;1.0;1.0;1.0;0.8994082840236687;0.89171974522293;0.9290322580645162;0.9044585987261147;0.9281045751633986;0.9105446922401257;1.0;1.0;1.0;1.0;1.0;1.0;60;66;69;66;70;66.2;305;304;305;305;305;304.8;76;70;72;71;71;72.0;304;305;305;305;305;304.8;1;6;4;5;5;4.2;0;0;0;0;0;0.0;16;11;7;10;6;10.0;0;0;0;0;0;0.0
Natural Language Processing;Linear_SVC_Count_Vectors_RandomUnder;data/train_test_data/readme_negative_samples_preprocessed_train.csv;4.1340250968933105;5.275541543960571;5.049490690231323;3.924417734146118;3.802454710006714;4.437185955047608;1.2011897563934326;0.7869319915771484;0.9524426460266113;1.3801257610321045;0.9731576442718506;1.0587695598602296;0.9084967320261438;0.869281045751634;0.9407894736842105;0.9013157894736842;0.9013157894736842;0.9042397660818713;1.0;1.0;1.0;1.0;1.0;1.0;0.8620689655172413;0.868421052631579;0.935064935064935;0.9295774647887324;0.9420289855072463;0.9074322807019468;1.0;1.0;1.0;1.0;1.0;1.0;0.974025974025974;0.868421052631579;0.9473684210526315;0.868421052631579;0.8552631578947368;0.9026999316473001;1.0;1.0;1.0;1.0;1.0;1.0;0.9146341463414633;0.868421052631579;0.9411764705882352;0.8979591836734694;0.8965517241379309;0.9037485154745356;1.0;1.0;1.0;1.0;1.0;1.0;64;67;71;71;72;69.0;305;304;305;305;305;304.8;75;66;72;66;65;68.8;304;305;305;305;305;304.8;2;10;4;10;11;7.4;0;0;0;0;0;0.0;12;10;5;5;4;7.2;0;0;0;0;0;0.0
Natural Language Processing;Linear_SVC_TFIDF_RandomUnder;data/train_test_data/readme_negative_samples_preprocessed_train.csv;5.932429313659668;3.7881855964660645;4.1804070472717285;4.147494316101074;5.52233099937439;4.714169454574585;1.2056193351745605;0.9016990661621094;0.984734296798706;0.9195747375488281;1.5372262001037598;1.1097707271575927;0.954248366013072;0.934640522875817;0.9605263157894737;0.9342105263157895;0.9539473684210527;0.9475146198830409;1.0;1.0;1.0;1.0;1.0;1.0;0.9605263157894737;0.9024390243902439;0.9605263157894737;0.9342105263157895;0.96;0.9435404364569961;1.0;1.0;1.0;1.0;1.0;1.0;0.948051948051948;0.9736842105263158;0.9605263157894737;0.9342105263157895;0.9473684210526315;0.9527682843472318;1.0;1.0;1.0;1.0;1.0;1.0;0.9542483660130718;0.9367088607594938;0.9605263157894737;0.9342105263157895;0.9536423841059603;0.9478672905967578;1.0;1.0;1.0;1.0;1.0;1.0;73;69;73;71;73;71.8;305;304;305;305;305;304.8;73;74;73;71;72;72.6;304;305;305;305;305;304.8;4;2;3;5;4;3.6;0;0;0;0;0;0.0;3;8;3;5;3;4.4;0;0;0;0;0;0.0
PipelineID;Pipeline;train_set;fit_time_cv1;fit_time_cv2;fit_time_cv3;fit_time_cv4;fit_time_cv5;fit_time_mean;score_time_cv1;score_time_cv2;score_time_cv3;score_time_cv4;score_time_cv5;score_time_mean;test_accuracy_cv1;test_accuracy_cv2;test_accuracy_cv3;test_accuracy_cv4;test_accuracy_cv5;test_accuracy_mean;train_accuracy_cv1;train_accuracy_cv2;train_accuracy_cv3;train_accuracy_cv4;train_accuracy_cv5;train_accuracy_mean;test_precision_cv1;test_precision_cv2;test_precision_cv3;test_precision_cv4;test_precision_cv5;test_precision_mean;train_precision_cv1;train_precision_cv2;train_precision_cv3;train_precision_cv4;train_precision_cv5;train_precision_mean;test_recall_cv1;test_recall_cv2;test_recall_cv3;test_recall_cv4;test_recall_cv5;test_recall_mean;train_recall_cv1;train_recall_cv2;train_recall_cv3;train_recall_cv4;train_recall_cv5;train_recall_mean;test_f1-score_cv1;test_f1-score_cv2;test_f1-score_cv3;test_f1-score_cv4;test_f1-score_cv5;test_f1-score_mean;train_f1-score_cv1;train_f1-score_cv2;train_f1-score_cv3;train_f1-score_cv4;train_f1-score_cv5;train_f1-score_mean;test_tp_cv1;test_tp_cv2;test_tp_cv3;test_tp_cv4;test_tp_cv5;test_tp_mean;train_tp_cv1;train_tp_cv2;train_tp_cv3;train_tp_cv4;train_tp_cv5;train_tp_mean;test_tn_cv1;test_tn_cv2;test_tn_cv3;test_tn_cv4;test_tn_cv5;test_tn_mean;train_tn_cv1;train_tn_cv2;train_tn_cv3;train_tn_cv4;train_tn_cv5;train_tn_mean;test_fp_cv1;test_fp_cv2;test_fp_cv3;test_fp_cv4;test_fp_cv5;test_fp_mean;train_fp_cv1;train_fp_cv2;train_fp_cv3;train_fp_cv4;train_fp_cv5;train_fp_mean;test_fn_cv1;test_fn_cv2;test_fn_cv3;test_fn_cv4;test_fn_cv5;test_fn_mean;train_fn_cv1;train_fn_cv2;train_fn_cv3;train_fn_cv4;train_fn_cv5;train_fn_mean
Computer Vision;LR_Count_Vectors_RandomUnder;data/train_test_data/readme_negative_samples_preprocessed_train.csv;10.18213939666748;9.42344856262207;11.369601726531982;9.146999835968018;8.269350528717041;9.678308010101318;1.692802906036377;1.046647548675537;1.730109691619873;1.1435108184814453;1.438631296157837;1.4103404521942138;0.8929577464788733;0.8943661971830986;0.9014084507042254;0.8943661971830986;0.9014084507042254;0.8969014084507043;0.9996478873239436;1.0;0.9996478873239436;0.9996478873239436;0.9996478873239436;0.9997183098591549;0.8951841359773371;0.8888888888888888;0.8991596638655462;0.8804347826086957;0.888283378746594;0.8903901700174124;0.9992962702322308;1.0;0.9992962702322308;0.9992962702322308;0.9992962702322308;0.9994370161857846;0.8901408450704226;0.9014084507042254;0.9042253521126761;0.9126760563380282;0.9183098591549296;0.9053521126760563;1.0;1.0;1.0;1.0;1.0;1.0;0.8926553672316385;0.8951048951048951;0.901685393258427;0.8962655601659751;0.9030470914127424;0.8977516614347356;0.9996480112636396;1.0;0.9996480112636396;0.9996480112636396;0.9996480112636396;0.9997184090109116;318;315;319;311;314;315.4;1419;1420;1419;1419;1419;1419.2;316;320;321;324;326;321.4;1420;1420;1420;1420;1420;1420.0;39;35;34;31;29;33.6;0;0;0;0;0;0.0;37;40;36;44;41;39.6;1;0;1;1;1;0.8
Computer Vision;LR_TFIDF_RandomUnder;data/train_test_data/readme_negative_samples_preprocessed_train.csv;5.934392929077148;3.9280216693878174;4.094290733337402;7.1380743980407715;4.389289379119873;5.096813821792603;1.0146019458770752;0.9233999252319336;1.71840500831604;1.4914822578430176;0.9821615219116211;1.2260101318359375;0.9112676056338028;0.9183098591549296;0.9028169014084507;0.9028169014084507;0.923943661971831;0.9118309859154928;0.9584507042253522;0.9630281690140845;0.9605633802816902;0.9619718309859155;0.9598591549295775;0.960774647887324;0.9033149171270718;0.8918205804749341;0.8928571428571429;0.8704663212435233;0.907859078590786;0.8932636080586915;0.9398648648648649;0.9457627118644067;0.9412955465587044;0.9444444444444444;0.9418132611637348;0.9426361657792311;0.9211267605633803;0.952112676056338;0.9154929577464789;0.9464788732394366;0.9436619718309859;0.9357746478873239;0.9795774647887324;0.9823943661971831;0.9823943661971831;0.9816901408450704;0.9802816901408451;0.9812676056338028;0.9121338912133892;0.9209809264305178;0.9040333796940195;0.9068825910931173;0.925414364640884;0.9138890306143855;0.9593103448275861;0.9637305699481866;0.9614059269469332;0.9627071823204421;0.9606625258799172;0.961563309984613;320;314;316;305;321;315.2;1331;1340;1333;1338;1334;1335.2;327;338;325;336;335;332.2;1391;1395;1395;1394;1392;1393.4;28;17;30;19;20;22.8;29;25;25;26;28;26.6;35;41;39;50;34;39.8;89;80;87;82;86;84.8
Computer Vision;SVC_Count_Vectors_RandomUnder;data/train_test_data/readme_negative_samples_preprocessed_train.csv;87.24193787574768;106.32463932037354;105.75724077224731;114.9549572467804;95.23995327949524;101.90374569892883;4.809152603149414;5.967623233795166;5.195884704589844;4.543681859970093;5.213083982467651;5.145885276794433;0.7070422535211267;0.6845070422535211;0.7183098591549296;0.6971830985915493;0.7084507042253522;0.7030985915492958;0.7137323943661972;0.7126760563380282;0.7123239436619718;0.7126760563380282;0.7158450704225352;0.7134507042253521;0.6319569120287253;0.6147110332749562;0.6411657559198543;0.6245551601423488;0.6330935251798561;0.6290964773091481;0.636773321315908;0.6357913669064749;0.6353839245621913;0.6355475763016158;0.6382498872350022;0.6363492152642385;0.9915492957746479;0.9887323943661972;0.9915492957746479;0.9887323943661972;0.9915492957746479;0.9904225352112676;0.9950704225352113;0.995774647887324;0.9964788732394366;0.9971830985915493;0.9964788732394366;0.9961971830985915;0.7719298245614036;0.7580993520518359;0.7787610619469026;0.7655398037077428;0.7727771679473106;0.7694214420430392;0.7765869744435284;0.7760702524698133;0.7759802577460927;0.7763157894736842;0.7781138300797359;0.7766134208425709;150;135;158;144;151;147.6;614;610;608;608;618;611.6;352;351;352;351;352;351.6;1413;1414;1415;1416;1415;1414.6;3;4;3;4;3;3.4;7;6;5;4;5;5.4;205;220;197;211;204;207.4;806;810;812;812;802;808.4
Computer Vision;SVC_TFIDF_RandomUnder;data/train_test_data/readme_negative_samples_preprocessed_train.csv;107.24738955497742;126.34903287887573;104.40783905982971;109.14126372337341;133.48761868476868;116.126628780365;4.3444483280181885;4.135435104370117;4.4993884563446045;4.557266473770142;3.3604297637939453;4.179393625259399;0.9197183098591549;0.9253521126760563;0.9154929577464789;0.9140845070422535;0.9253521126760563;0.9199999999999999;0.9940140845070422;0.9947183098591549;0.9947183098591549;0.9954225352112676;0.9950704225352113;0.9947887323943663;0.9093406593406593;0.901595744680851;0.90633608815427;0.8828125;0.9148351648351648;0.9029840314021891;0.988169798190675;0.9895470383275261;0.9895470383275261;0.9909281228192603;0.9902370990237099;0.9896858193377394;0.9323943661971831;0.9549295774647887;0.9267605633802817;0.9549295774647887;0.9380281690140845;0.9414084507042253;1.0;1.0;1.0;1.0;1.0;1.0;0.9207232267037552;0.9274965800273597;0.9164345403899722;0.9174560216508796;0.9262865090403338;0.92167937556246;0.9940497024851243;0.9947460595446586;0.9947460595446586;0.9954433929197336;0.9950946040644709;0.9948159637117293;322;318;321;310;324;319.0;1403;1405;1405;1407;1406;1405.2;331;339;329;339;333;334.2;1420;1420;1420;1420;1420;1420.0;24;16;26;16;22;20.8;0;0;0;0;0;0.0;33;37;34;45;31;36.0;17;15;15;13;14;14.8
Computer Vision;KNN_Count_Vectors_RandomUnder;data/train_test_data/readme_negative_samples_preprocessed_train.csv;6.523903846740723;4.393609046936035;4.149955749511719;3.863919734954834;6.471712350845337;5.080620145797729;1.9654815196990967;1.6077640056610107;1.758807897567749;1.3594629764556885;2.0983777046203613;1.7579788208007812;0.8112676056338028;0.7985915492957747;0.8014084507042254;0.7971830985915493;0.7929577464788733;0.8002816901408452;1.0;1.0;1.0;1.0;1.0;1.0;0.7769423558897243;0.7208333333333333;0.7238493723849372;0.7157464212678937;0.7148760330578512;0.7304495031867478;1.0;1.0;1.0;1.0;1.0;1.0;0.8732394366197183;0.9746478873239437;0.9746478873239437;0.9859154929577465;0.9746478873239437;0.9566197183098591;1.0;1.0;1.0;1.0;1.0;1.0;0.8222811671087533;0.8287425149700599;0.8307322929171669;0.8293838862559242;0.8247914183551848;0.8271862559214178;1.0;1.0;1.0;1.0;1.0;1.0;266;221;223;216;217;228.6;1420;1420;1420;1420;1420;1420.0;310;346;346;350;346;339.6;1420;1420;1420;1420;1420;1420.0;45;9;9;5;9;15.4;0;0;0;0;0;0.0;89;134;132;139;138;126.4;0;0;0;0;0;0.0
Computer Vision;KNN_TFIDF_RandomUnder;data/train_test_data/readme_negative_samples_preprocessed_train.csv;5.478081464767456;5.337009906768799;6.6656174659729;5.255907773971558;6.77029275894165;5.901381874084473;1.692556381225586;1.5486280918121338;2.6487362384796143;1.61006760597229;2.6278927326202393;2.0255762100219727;0.9098591549295775;0.8887323943661972;0.8901408450704226;0.8816901408450705;0.8943661971830986;0.8929577464788734;0.9257042253521127;0.926056338028169;0.9288732394366197;0.9285211267605634;0.9288732394366197;0.9276056338028169;0.9008264462809917;0.850253807106599;0.8836565096952909;0.8430379746835444;0.868421052631579;0.869239158079601;0.9092755585646581;0.9049531459170014;0.9049202127659575;0.9114266396213658;0.9109311740890689;0.9083013461916103;0.9211267605633803;0.9436619718309859;0.8985915492957747;0.9380281690140845;0.9295774647887324;0.9261971830985916;0.9457746478873239;0.952112676056338;0.9584507042253522;0.9492957746478873;0.9507042253521126;0.9512676056338029;0.9108635097493036;0.8945260347129507;0.8910614525139665;0.888;0.8979591836734694;0.8964820361299379;0.927166033828098;0.9279341111873712;0.9309165526675787;0.92997585374267;0.9303928325292901;0.9292770767910016;319;296;313;293;305;305.2;1286;1278;1277;1289;1288;1283.6;327;335;319;333;330;328.8;1343;1352;1361;1348;1350;1350.8;28;20;36;22;25;26.2;77;68;59;72;70;69.2;36;59;42;62;50;49.8;134;142;143;131;132;136.4
Computer Vision;RandomForestClassifier_Count_Vectors_RandomUnder;data/train_test_data/readme_negative_samples_preprocessed_train.csv;9.776596069335938;10.155001163482666;14.039706468582153;14.135579347610474;9.299004793167114;11.481177568435669;1.3159968852996826;1.2233140468597412;1.6300756931304932;1.7079758644104004;1.288907527923584;1.4332540035247803;0.8788732394366198;0.8873239436619719;0.8873239436619719;0.8816901408450705;0.9042253521126761;0.887887323943662;1.0;1.0;1.0;1.0;1.0;1.0;0.8548812664907651;0.8329297820823245;0.8411910669975186;0.8218527315914489;0.8596491228070176;0.842100793993815;1.0;1.0;1.0;1.0;1.0;1.0;0.9126760563380282;0.9690140845070423;0.9549295774647887;0.9746478873239437;0.9661971830985916;0.955492957746479;1.0;1.0;1.0;1.0;1.0;1.0;0.88283378746594;0.8958333333333334;0.8944591029023746;0.8917525773195876;0.9098143236074271;0.8949386249257325;1.0;1.0;1.0;1.0;1.0;1.0;300;286;291;280;299;291.2;1420;1420;1420;1420;1420;1420.0;324;344;339;346;343;339.2;1420;1420;1420;1420;1420;1420.0;31;11;16;9;12;15.8;0;0;0;0;0;0.0;55;69;64;75;56;63.8;0;0;0;0;0;0.0
Computer Vision;RandomForestClassifier_TFIDF_RandomUnder;data/train_test_data/readme_negative_samples_preprocessed_train.csv;8.617612838745117;8.666097164154053;12.877745151519775;13.416520118713379;8.638359308242798;10.443266916275025;1.1666944026947021;1.0376687049865723;1.5885789394378662;1.1063315868377686;1.1716060638427734;1.2141759395599365;0.8760563380281691;0.8816901408450705;0.8943661971830986;0.8760563380281691;0.8873239436619719;0.8830985915492958;1.0;1.0;1.0;1.0;1.0;1.0;0.8414322250639387;0.8280871670702179;0.8482587064676617;0.8216867469879519;0.8411910669975186;0.8361311825174578;1.0;1.0;1.0;1.0;1.0;1.0;0.9267605633802817;0.9633802816901409;0.9605633802816902;0.9605633802816902;0.9549295774647887;0.9532394366197183;1.0;1.0;1.0;1.0;1.0;1.0;0.8820375335120644;0.8906250000000001;0.9009247027741083;0.8857142857142858;0.8944591029023746;0.8907521249805667;1.0;1.0;1.0;1.0;1.0;1.0;293;284;294;281;291;288.6;1420;1420;1420;1420;1420;1420.0;329;342;341;341;339;338.4;1420;1420;1420;1420;1420;1420.0;26;13;14;14;16;16.6;0;0;0;0;0;0.0;62;71;61;74;64;66.4;0;0;0;0;0;0.0
Computer Vision;Linear_SVC_Count_Vectors_RandomUnder;data/train_test_data/readme_negative_samples_preprocessed_train.csv;34.371628284454346;25.28878355026245;31.436611652374268;31.92812466621399;34.582191705703735;31.52146797180176;7.660909175872803;5.706825017929077;5.336448907852173;4.956560850143433;7.626121759414673;6.2573731422424315;0.8788732394366198;0.8887323943661972;0.8943661971830986;0.8901408450704226;0.8943661971830986;0.8892957746478874;1.0;1.0;1.0;1.0;1.0;1.0;0.892128279883382;0.875;0.8867403314917127;0.871313672922252;0.8867403314917127;0.8823845231578119;1.0;1.0;1.0;1.0;1.0;1.0;0.8619718309859155;0.9070422535211268;0.9042253521126761;0.9154929577464789;0.9042253521126761;0.8985915492957746;1.0;1.0;1.0;1.0;1.0;1.0;0.8767908309455587;0.8907330567081604;0.895397489539749;0.8928571428571429;0.895397489539749;0.8902352019180719;1.0;1.0;1.0;1.0;1.0;1.0;318;309;314;307;314;312.4;1420;1420;1420;1420;1420;1420.0;306;322;321;325;321;319.0;1420;1420;1420;1420;1420;1420.0;49;33;34;30;34;36.0;0;0;0;0;0;0.0;37;46;41;48;41;42.6;0;0;0;0;0;0.0
Computer Vision;Linear_SVC_TFIDF_RandomUnder;data/train_test_data/readme_negative_samples_preprocessed_train.csv;32.527371883392334;28.552104234695435;26.66994547843933;29.960100889205933;32.815404653549194;30.104985427856445;5.374092102050781;5.066085338592529;8.353955507278442;7.681363582611084;5.214487075805664;6.3379967212677;0.9183098591549296;0.9225352112676056;0.9225352112676056;0.9140845070422535;0.9253521126760563;0.9205633802816902;1.0;1.0;1.0;1.0;1.0;1.0;0.9090909090909091;0.898936170212766;0.9166666666666666;0.8868421052631579;0.9171270718232044;0.9057325846113408;1.0;1.0;1.0;1.0;1.0;1.0;0.9295774647887324;0.952112676056338;0.9295774647887324;0.9492957746478873;0.9352112676056338;0.9391549295774647;1.0;1.0;1.0;1.0;1.0;1.0;0.9192200557103064;0.9247606019151846;0.9230769230769231;0.9170068027210884;0.9260808926080892;0.9220290552063185;1.0;1.0;1.0;1.0;1.0;1.0;322;317;325;312;325;320.2;1420;1420;1420;1420;1420;1420.0;330;338;330;337;332;333.4;1420;1420;1420;1420;1420;1420.0;25;17;25;18;23;21.6;0;0;0;0;0;0.0;33;38;30;43;30;34.8;0;0;0;0;0;0.0
PipelineID;Pipeline;train_set;fit_time_cv1;fit_time_cv2;fit_time_cv3;fit_time_cv4;fit_time_cv5;fit_time_mean;score_time_cv1;score_time_cv2;score_time_cv3;score_time_cv4;score_time_cv5;score_time_mean;test_accuracy_cv1;test_accuracy_cv2;test_accuracy_cv3;test_accuracy_cv4;test_accuracy_cv5;test_accuracy_mean;train_accuracy_cv1;train_accuracy_cv2;train_accuracy_cv3;train_accuracy_cv4;train_accuracy_cv5;train_accuracy_mean;test_precision_cv1;test_precision_cv2;test_precision_cv3;test_precision_cv4;test_precision_cv5;test_precision_mean;train_precision_cv1;train_precision_cv2;train_precision_cv3;train_precision_cv4;train_precision_cv5;train_precision_mean;test_recall_cv1;test_recall_cv2;test_recall_cv3;test_recall_cv4;test_recall_cv5;test_recall_mean;train_recall_cv1;train_recall_cv2;train_recall_cv3;train_recall_cv4;train_recall_cv5;train_recall_mean;test_f1-score_cv1;test_f1-score_cv2;test_f1-score_cv3;test_f1-score_cv4;test_f1-score_cv5;test_f1-score_mean;train_f1-score_cv1;train_f1-score_cv2;train_f1-score_cv3;train_f1-score_cv4;train_f1-score_cv5;train_f1-score_mean;test_tp_cv1;test_tp_cv2;test_tp_cv3;test_tp_cv4;test_tp_cv5;test_tp_mean;train_tp_cv1;train_tp_cv2;train_tp_cv3;train_tp_cv4;train_tp_cv5;train_tp_mean;test_tn_cv1;test_tn_cv2;test_tn_cv3;test_tn_cv4;test_tn_cv5;test_tn_mean;train_tn_cv1;train_tn_cv2;train_tn_cv3;train_tn_cv4;train_tn_cv5;train_tn_mean;test_fp_cv1;test_fp_cv2;test_fp_cv3;test_fp_cv4;test_fp_cv5;test_fp_mean;train_fp_cv1;train_fp_cv2;train_fp_cv3;train_fp_cv4;train_fp_cv5;train_fp_mean;test_fn_cv1;test_fn_cv2;test_fn_cv3;test_fn_cv4;test_fn_cv5;test_fn_mean;train_fn_cv1;train_fn_cv2;train_fn_cv3;train_fn_cv4;train_fn_cv5;train_fn_mean
Sequential;LR_Count_Vectors_RandomUnder;data/train_test_data/readme_negative_samples_preprocessed_train.csv;0.305997371673584;0.3864176273345947;0.32151103019714355;0.37710118293762207;0.30040884017944336;0.3382872104644775;0.027734756469726562;0.06486105918884277;0.07775735855102539;0.037336111068725586;0.03705549240112305;0.04894895553588867;0.6538461538461539;0.72;0.76;0.8;0.68;0.7227692307692307;1.0;1.0;1.0;1.0;1.0;1.0;0.6111111111111112;0.6923076923076923;0.6875;0.7857142857142857;0.6666666666666666;0.6886599511599512;1.0;1.0;1.0;1.0;1.0;1.0;0.8461538461538461;0.75;0.9166666666666666;0.8461538461538461;0.7692307692307693;0.8256410256410257;1.0;1.0;1.0;1.0;1.0;1.0;0.7096774193548387;0.7199999999999999;0.7857142857142857;0.8148148148148148;0.7142857142857142;0.7488984468339307;1.0;1.0;1.0;1.0;1.0;1.0;11;9;11;11;10;10.4;50;51;51;50;50;50.4;6;9;8;9;7;7.8;50;50;50;51;51;50.4;7;4;5;3;5;4.8;0;0;0;0;0;0.0;2;3;1;2;3;2.2;0;0;0;0;0;0.0
Sequential;LR_TFIDF_RandomUnder;data/train_test_data/readme_negative_samples_preprocessed_train.csv;0.5163540840148926;0.4319941997528076;0.41336846351623535;0.36314964294433594;0.325045108795166;0.4099822998046875;0.06424427032470703;0.07197284698486328;0.09995174407958984;0.09216570854187012;0.0562586784362793;0.07691864967346192;0.7692307692307693;0.76;0.8;0.8;0.84;0.7938461538461539;1.0;1.0;1.0;1.0;1.0;1.0;0.7692307692307693;0.7142857142857143;0.7692307692307693;0.7857142857142857;0.8;0.7676923076923077;1.0;1.0;1.0;1.0;1.0;1.0;0.7692307692307693;0.8333333333333334;0.8333333333333334;0.8461538461538461;0.9230769230769231;0.841025641025641;1.0;1.0;1.0;1.0;1.0;1.0;0.7692307692307693;0.7692307692307692;0.8;0.8148148148148148;0.8571428571428571;0.802083842083842;1.0;1.0;1.0;1.0;1.0;1.0;10;10;10;11;12;10.6;50;51;51;50;50;50.4;10;9;10;9;9;9.4;50;50;50;51;51;50.4;3;4;3;3;3;3.2;0;0;0;0;0;0.0;3;2;2;2;1;2.0;0;0;0;0;0;0.0
Sequential;SVC_Count_Vectors_RandomUnder;data/train_test_data/readme_negative_samples_preprocessed_train.csv;0.465862512588501;0.4381740093231201;0.42001938819885254;0.5801844596862793;0.42882537841796875;0.4666131496429443;0.06339597702026367;0.08289575576782227;0.10446810722351074;0.04859018325805664;0.07158637046813965;0.0741872787475586;0.5;0.6;0.68;0.64;0.6;0.6040000000000001;0.65;0.6336633663366337;0.6138613861386139;0.6237623762376238;0.6138613861386139;0.6270297029702971;0.5;0.5454545454545454;0.6;0.5909090909090909;0.5652173913043478;0.5603162055335968;0.5882352941176471;0.5795454545454546;0.5666666666666667;0.5681818181818182;0.5617977528089888;0.572885397264115;0.9230769230769231;1.0;1.0;1.0;1.0;0.9846153846153847;1.0;1.0;1.0;1.0;1.0;1.0;0.6486486486486487;0.7058823529411764;0.7499999999999999;0.7428571428571429;0.7222222222222222;0.7139220733338381;0.7407407407407407;0.7338129496402878;0.7234042553191489;0.7246376811594203;0.7194244604316548;0.7284040174582505;12;12;12;13;13;12.4;50;51;51;50;50;50.4;1;3;5;3;2;2.8;15;13;11;13;12;12.8;12;10;8;9;10;9.8;35;37;39;38;39;37.6;1;0;0;0;0;0.2;0;0;0;0;0;0.0
Sequential;SVC_TFIDF_RandomUnder;data/train_test_data/readme_negative_samples_preprocessed_train.csv;0.40480923652648926;0.3885354995727539;0.36286163330078125;0.387009859085083;0.2973611354827881;0.3681154727935791;0.0529780387878418;0.07483291625976562;0.08174562454223633;0.06659793853759766;0.033620595932006836;0.06195502281188965;0.8461538461538461;0.8;0.76;0.88;0.64;0.7852307692307693;1.0;1.0;1.0;1.0;1.0;1.0;0.8;0.7333333333333333;0.7142857142857143;0.8125;0.6;0.7320238095238095;1.0;1.0;1.0;1.0;1.0;1.0;0.9230769230769231;0.9166666666666666;0.8333333333333334;1.0;0.9230769230769231;0.9192307692307693;1.0;1.0;1.0;1.0;1.0;1.0;0.8571428571428571;0.8148148148148148;0.7692307692307692;0.896551724137931;0.7272727272727274;0.8130025785198198;1.0;1.0;1.0;1.0;1.0;1.0;12;11;10;13;12;11.6;50;51;51;50;50;50.4;10;9;9;9;4;8.2;50;50;50;51;51;50.4;3;4;4;3;8;4.4;0;0;0;0;0;0.0;1;1;2;0;1;1.0;0;0;0;0;0;0.0
Sequential;KNN_Count_Vectors_RandomUnder;data/train_test_data/readme_negative_samples_preprocessed_train.csv;0.19068598747253418;0.1412808895111084;0.1670215129852295;0.21756696701049805;0.14709210395812988;0.1727294921875;0.07444095611572266;0.06763601303100586;0.11528682708740234;0.08709883689880371;0.0862116813659668;0.08613486289978027;0.5769230769230769;0.6;0.64;0.64;0.6;0.6113846153846154;1.0;1.0;1.0;1.0;1.0;1.0;0.5416666666666666;0.5454545454545454;0.5714285714285714;0.5909090909090909;0.5652173913043478;0.5629352531526444;1.0;1.0;1.0;1.0;1.0;1.0;1.0;1.0;1.0;1.0;1.0;1.0;1.0;1.0;1.0;1.0;1.0;1.0;0.7027027027027027;0.7058823529411764;0.7272727272727273;0.7428571428571429;0.7222222222222222;0.7201874295991944;1.0;1.0;1.0;1.0;1.0;1.0;13;12;12;13;13;12.6;50;51;51;50;50;50.4;2;3;4;3;2;2.8;50;50;50;51;51;50.4;11;10;9;9;10;9.8;0;0;0;0;0;0.0;0;0;0;0;0;0.0;0;0;0;0;0;0.0
Sequential;KNN_TFIDF_RandomUnder;data/train_test_data/readme_negative_samples_preprocessed_train.csv;0.1987769603729248;0.14910364151000977;0.221726655960083;0.24245119094848633;0.22352123260498047;0.20711593627929686;0.048399925231933594;0.044423818588256836;0.0838925838470459;0.062346696853637695;0.05733609199523926;0.05927982330322266;0.8076923076923077;0.64;0.8;0.76;0.72;0.7455384615384615;0.81;0.900990099009901;0.8514851485148515;0.8118811881188119;0.8118811881188119;0.8372475247524752;0.75;0.6153846153846154;0.7333333333333333;0.7333333333333333;0.6666666666666666;0.6997435897435897;0.7627118644067796;0.8596491228070176;0.8;0.746031746031746;0.7540983606557377;0.7844982187802562;0.9230769230769231;0.6666666666666666;0.9166666666666666;0.8461538461538461;0.9230769230769231;0.8551282051282051;0.9;0.9607843137254902;0.9411764705882353;0.94;0.92;0.9323921568627451;0.8275862068965517;0.64;0.8148148148148148;0.7857142857142856;0.7741935483870968;0.7684617711625498;0.8256880733944953;0.9074074074074074;0.8648648648648648;0.831858407079646;0.8288288288288288;0.8517295163150486;12;8;11;11;12;10.8;45;49;48;47;46;47.0;9;8;9;8;6;8.0;36;42;38;35;36;37.4;4;5;4;4;6;4.6;14;8;12;16;15;13.0;1;4;1;2;1;1.8;5;2;3;3;4;3.4
Sequential;RandomForestClassifier_Count_Vectors_RandomUnder;data/train_test_data/readme_negative_samples_preprocessed_train.csv;0.38347601890563965;0.4424278736114502;0.3692626953125;0.31521058082580566;0.4413015842437744;0.390335750579834;0.04243350028991699;0.08575844764709473;0.06883120536804199;0.049948692321777344;0.07107090950012207;0.06360855102539062;0.5384615384615384;0.56;0.76;0.72;0.72;0.6596923076923076;1.0;1.0;1.0;1.0;1.0;1.0;0.5238095238095238;0.5263157894736842;0.6666666666666666;0.6666666666666666;0.65;0.6066917293233083;1.0;1.0;1.0;1.0;1.0;1.0;0.8461538461538461;0.8333333333333334;1.0;0.9230769230769231;1.0;0.9205128205128206;1.0;1.0;1.0;1.0;1.0;1.0;0.6470588235294118;0.6451612903225806;0.8;0.7741935483870968;0.787878787878788;0.7308584900235754;1.0;1.0;1.0;1.0;1.0;1.0;11;10;12;12;13;11.6;50;51;51;50;50;50.4;3;4;7;6;5;5.0;50;50;50;51;51;50.4;10;9;6;6;7;7.6;0;0;0;0;0;0.0;2;2;0;1;0;1.0;0;0;0;0;0;0.0
Sequential;RandomForestClassifier_TFIDF_RandomUnder;data/train_test_data/readme_negative_samples_preprocessed_train.csv;0.33739733695983887;0.45154309272766113;0.332108736038208;0.3299293518066406;0.4575974941253662;0.381715202331543;0.03571486473083496;0.08020544052124023;0.06527519226074219;0.04407048225402832;0.06855583190917969;0.05876436233520508;0.5769230769230769;0.68;0.76;0.64;0.68;0.6673846153846155;1.0;1.0;1.0;1.0;1.0;1.0;0.5416666666666666;0.6111111111111112;0.6666666666666666;0.625;0.6190476190476191;0.6126984126984126;1.0;1.0;1.0;1.0;1.0;1.0;1.0;0.9166666666666666;1.0;0.7692307692307693;1.0;0.9371794871794872;1.0;1.0;1.0;1.0;1.0;1.0;0.7027027027027027;0.7333333333333334;0.8;0.6896551724137931;0.7647058823529412;0.738079418160554;1.0;1.0;1.0;1.0;1.0;1.0;13;11;12;10;13;11.8;50;51;51;50;50;50.4;2;6;7;6;4;5.0;50;50;50;51;51;50.4;11;7;6;6;8;7.6;0;0;0;0;0;0.0;0;1;0;3;0;0.8;0;0;0;0;0;0.0
Sequential;Linear_SVC_Count_Vectors_RandomUnder;data/train_test_data/readme_negative_samples_preprocessed_train.csv;0.9080691337585449;0.9241554737091064;0.8572571277618408;0.8623306751251221;0.676844596862793;0.8457314014434815;0.16620802879333496;0.2736213207244873;0.3026447296142578;0.15029215812683105;0.14851641654968262;0.20825653076171874;0.6923076923076923;0.8;0.76;0.84;0.72;0.7624615384615383;1.0;1.0;1.0;1.0;1.0;1.0;0.6470588235294118;0.7333333333333333;0.7142857142857143;0.8;0.6666666666666666;0.7122689075630253;1.0;1.0;1.0;1.0;1.0;1.0;0.8461538461538461;0.9166666666666666;0.8333333333333334;0.9230769230769231;0.9230769230769231;0.8884615384615385;1.0;1.0;1.0;1.0;1.0;1.0;0.7333333333333334;0.8148148148148148;0.7692307692307692;0.8571428571428571;0.7741935483870968;0.7897430645817742;1.0;1.0;1.0;1.0;1.0;1.0;11;11;10;12;12;11.2;50;51;51;50;50;50.4;7;9;9;9;6;8.0;50;50;50;51;51;50.4;6;4;4;3;6;4.6;0;0;0;0;0;0.0;2;1;2;1;1;1.4;0;0;0;0;0;0.0
Sequential;Linear_SVC_TFIDF_RandomUnder;data/train_test_data/readme_negative_samples_preprocessed_train.csv;1.0915472507476807;0.6465034484863281;0.8192138671875;0.7782657146453857;0.752190351486206;0.8175441265106201;0.18976950645446777;0.1475975513458252;0.2658884525299072;0.18158483505249023;0.1616673469543457;0.18930153846740722;0.8076923076923077;0.8;0.8;0.88;0.84;0.8255384615384616;1.0;1.0;1.0;1.0;1.0;1.0;0.7857142857142857;0.7333333333333333;0.7692307692307693;0.8125;0.8;0.7801556776556776;1.0;1.0;1.0;1.0;1.0;1.0;0.8461538461538461;0.9166666666666666;0.8333333333333334;1.0;0.9230769230769231;0.9038461538461539;1.0;1.0;1.0;1.0;1.0;1.0;0.8148148148148148;0.8148148148148148;0.8;0.896551724137931;0.8571428571428571;0.8366648421820836;1.0;1.0;1.0;1.0;1.0;1.0;11;11;10;13;12;11.4;50;51;51;50;50;50.4;10;9;10;9;9;9.4;50;50;50;51;51;50.4;3;4;3;3;3;3.2;0;0;0;0;0;0.0;2;1;2;0;1;1.2;0;0;0;0;0;0.0
PipelineID;Pipeline;train_set;fit_time_cv1;fit_time_cv2;fit_time_cv3;fit_time_cv4;fit_time_cv5;fit_time_mean;score_time_cv1;score_time_cv2;score_time_cv3;score_time_cv4;score_time_cv5;score_time_mean;test_accuracy_cv1;test_accuracy_cv2;test_accuracy_cv3;test_accuracy_cv4;test_accuracy_cv5;test_accuracy_mean;train_accuracy_cv1;train_accuracy_cv2;train_accuracy_cv3;train_accuracy_cv4;train_accuracy_cv5;train_accuracy_mean;test_precision_cv1;test_precision_cv2;test_precision_cv3;test_precision_cv4;test_precision_cv5;test_precision_mean;train_precision_cv1;train_precision_cv2;train_precision_cv3;train_precision_cv4;train_precision_cv5;train_precision_mean;test_recall_cv1;test_recall_cv2;test_recall_cv3;test_recall_cv4;test_recall_cv5;test_recall_mean;train_recall_cv1;train_recall_cv2;train_recall_cv3;train_recall_cv4;train_recall_cv5;train_recall_mean;test_f1-score_cv1;test_f1-score_cv2;test_f1-score_cv3;test_f1-score_cv4;test_f1-score_cv5;test_f1-score_mean;train_f1-score_cv1;train_f1-score_cv2;train_f1-score_cv3;train_f1-score_cv4;train_f1-score_cv5;train_f1-score_mean;test_tp_cv1;test_tp_cv2;test_tp_cv3;test_tp_cv4;test_tp_cv5;test_tp_mean;train_tp_cv1;train_tp_cv2;train_tp_cv3;train_tp_cv4;train_tp_cv5;train_tp_mean;test_tn_cv1;test_tn_cv2;test_tn_cv3;test_tn_cv4;test_tn_cv5;test_tn_mean;train_tn_cv1;train_tn_cv2;train_tn_cv3;train_tn_cv4;train_tn_cv5;train_tn_mean;test_fp_cv1;test_fp_cv2;test_fp_cv3;test_fp_cv4;test_fp_cv5;test_fp_mean;train_fp_cv1;train_fp_cv2;train_fp_cv3;train_fp_cv4;train_fp_cv5;train_fp_mean;test_fn_cv1;test_fn_cv2;test_fn_cv3;test_fn_cv4;test_fn_cv5;test_fn_mean;train_fn_cv1;train_fn_cv2;train_fn_cv3;train_fn_cv4;train_fn_cv5;train_fn_mean
Audio;LR_Count_Vectors_RandomUnder;data/train_test_data/readme_negative_samples_preprocessed_train.csv;0.3286266326904297;0.29254770278930664;0.2552475929260254;0.24878787994384766;0.2150864601135254;0.26805925369262695;0.04024815559387207;0.061037302017211914;0.03805828094482422;0.021048307418823242;0.036310672760009766;0.039340543746948245;0.95;0.8947368421052632;0.9473684210526315;0.8421052631578947;0.7894736842105263;0.884736842105263;1.0;1.0;1.0;1.0;1.0;1.0;0.9090909090909091;0.8333333333333334;0.9090909090909091;0.75;0.7777777777777778;0.8358585858585859;1.0;1.0;1.0;1.0;1.0;1.0;1.0;1.0;1.0;1.0;0.7777777777777778;0.9555555555555555;1.0;1.0;1.0;1.0;1.0;1.0;0.9523809523809523;0.9090909090909091;0.9523809523809523;0.8571428571428571;0.7777777777777778;0.8897546897546897;1.0;1.0;1.0;1.0;1.0;1.0;9;7;8;7;8;7.8;38;39;39;38;38;38.4;10;10;10;9;7;9.2;38;38;38;39;39;38.4;0;0;0;0;2;0.4;0;0;0;0;0;0.0;1;2;1;3;2;1.8;0;0;0;0;0;0.0
Audio;LR_TFIDF_RandomUnder;data/train_test_data/readme_negative_samples_preprocessed_train.csv;0.27171897888183594;0.21400141716003418;0.18810153007507324;0.2510683536529541;0.2023608684539795;0.2254502296447754;0.04039168357849121;0.039186954498291016;0.0400543212890625;0.02856588363647461;0.06100773811340332;0.041841316223144534;0.95;1.0;1.0;0.8421052631578947;0.8421052631578947;0.9268421052631579;1.0;1.0;1.0;1.0;1.0;1.0;0.9090909090909091;1.0;1.0;0.8;0.875;0.9168181818181818;1.0;1.0;1.0;1.0;1.0;1.0;1.0;1.0;1.0;0.8888888888888888;0.7777777777777778;0.9333333333333333;1.0;1.0;1.0;1.0;1.0;1.0;0.9523809523809523;1.0;1.0;0.8421052631578948;0.823529411764706;0.9236031254607106;1.0;1.0;1.0;1.0;1.0;1.0;9;9;9;8;9;8.8;38;39;39;38;38;38.4;10;10;10;8;7;9.0;38;38;38;39;39;38.4;0;0;0;1;2;0.6;0;0;0;0;0;0.0;1;0;0;2;1;0.8;0;0;0;0;0;0.0
Audio;SVC_Count_Vectors_RandomUnder;data/train_test_data/readme_negative_samples_preprocessed_train.csv;0.26298046112060547;0.2632317543029785;0.22638821601867676;0.26647329330444336;0.22096514701843262;0.24800777435302734;0.0270540714263916;0.06293416023254395;0.03372955322265625;0.042487144470214844;0.03243207931518555;0.039727401733398435;0.55;0.6842105263157895;0.7894736842105263;0.5263157894736842;0.631578947368421;0.6363157894736842;0.6578947368421053;0.6233766233766234;0.6103896103896104;0.6623376623376623;0.6493506493506493;0.6406698564593302;0.5263157894736842;0.625;0.7142857142857143;0.5;0.5625;0.5856203007518797;0.59375;0.5671641791044776;0.5588235294117647;0.6;0.5909090909090909;0.5821293598850665;1.0;1.0;1.0;1.0;1.0;1.0;1.0;1.0;1.0;1.0;1.0;1.0;0.6896551724137931;0.7692307692307693;0.8333333333333333;0.6666666666666666;0.72;0.7357771883289125;0.7450980392156863;0.7238095238095238;0.7169811320754718;0.7499999999999999;0.7428571428571429;0.7357491675915651;1;3;5;1;3;2.6;12;10;9;12;11;10.8;10;10;10;9;9;9.6;38;38;38;39;39;38.4;0;0;0;0;0;0.0;0;0;0;0;0;0.0;9;6;4;9;7;7.0;26;29;30;26;27;27.6
Audio;SVC_TFIDF_RandomUnder;data/train_test_data/readme_negative_samples_preprocessed_train.csv;0.323885440826416;0.25135278701782227;0.24142169952392578;0.33312416076660156;0.25985002517700195;0.2819268226623535;0.04590296745300293;0.06747031211853027;0.06645321846008301;0.04669332504272461;0.06498551368713379;0.05830106735229492;0.95;1.0;0.9473684210526315;0.8947368421052632;0.7894736842105263;0.9163157894736843;1.0;1.0;1.0;1.0;1.0;1.0;0.9090909090909091;1.0;1.0;0.8888888888888888;0.8571428571428571;0.9310245310245311;1.0;1.0;1.0;1.0;1.0;1.0;1.0;1.0;0.9;0.8888888888888888;0.6666666666666666;0.8911111111111112;1.0;1.0;1.0;1.0;1.0;1.0;0.9523809523809523;1.0;0.9473684210526316;0.8888888888888888;0.75;0.9077276524644946;1.0;1.0;1.0;1.0;1.0;1.0;9;9;9;9;9;9.0;38;39;39;38;38;38.4;10;10;9;8;6;8.6;38;38;38;39;39;38.4;0;0;1;1;3;1.0;0;0;0;0;0;0.0;1;0;0;1;1;0.6;0;0;0;0;0;0.0
Audio;KNN_Count_Vectors_RandomUnder;data/train_test_data/readme_negative_samples_preprocessed_train.csv;0.1497485637664795;0.1112830638885498;0.17062902450561523;0.20323467254638672;0.13819527626037598;0.15461812019348145;0.04634547233581543;0.06572961807250977;0.08315610885620117;0.05487871170043945;0.05579185485839844;0.06118035316467285;0.55;0.631578947368421;0.6842105263157895;0.5263157894736842;0.47368421052631576;0.5731578947368421;1.0;1.0;1.0;1.0;1.0;1.0;0.5263157894736842;0.5882352941176471;0.625;0.5;0.47368421052631576;0.5426470588235295;1.0;1.0;1.0;1.0;1.0;1.0;1.0;1.0;1.0;1.0;1.0;1.0;1.0;1.0;1.0;1.0;1.0;1.0;0.6896551724137931;0.7407407407407407;0.7692307692307693;0.6666666666666666;0.6428571428571429;0.7018300983818225;1.0;1.0;1.0;1.0;1.0;1.0;1;2;3;1;0;1.4;38;39;39;38;38;38.4;10;10;10;9;9;9.6;38;38;38;39;39;38.4;0;0;0;0;0;0.0;0;0;0;0;0;0.0;9;7;6;9;10;8.2;0;0;0;0;0;0.0
Audio;KNN_TFIDF_RandomUnder;data/train_test_data/readme_negative_samples_preprocessed_train.csv;0.18779397010803223;0.15181422233581543;0.13895344734191895;0.15952444076538086;0.14694714546203613;0.1570066452026367;0.041822195053100586;0.06185197830200195;0.03749251365661621;0.024489879608154297;0.03684091567993164;0.04049949645996094;0.8;0.7894736842105263;0.8421052631578947;0.7368421052631579;0.7894736842105263;0.791578947368421;0.8947368421052632;0.9090909090909091;0.8701298701298701;0.8701298701298701;0.8571428571428571;0.8802460697197538;0.7142857142857143;0.7142857142857143;0.7692307692307693;0.6666666666666666;0.6923076923076923;0.7113553113553113;0.8260869565217391;0.8444444444444444;0.8043478260869565;0.7959183673469388;0.78;0.8101595188800159;1.0;1.0;1.0;0.8888888888888888;1.0;0.9777777777777779;1.0;1.0;0.9736842105263158;1.0;1.0;0.9947368421052631;0.8333333333333333;0.8333333333333333;0.8695652173913044;0.761904761904762;0.8181818181818181;0.8232636928289102;0.9047619047619047;0.9156626506024096;0.8809523809523809;0.8863636363636364;0.8764044943820225;0.8928290134124708;6;5;6;6;6;5.8;30;32;30;28;27;29.4;10;10;10;8;9;9.4;38;38;37;39;39;38.2;0;0;0;1;0;0.2;0;0;1;0;0;0.2;4;4;3;4;4;3.8;8;7;9;10;11;9.0
Audio;RandomForestClassifier_Count_Vectors_RandomUnder;data/train_test_data/readme_negative_samples_preprocessed_train.csv;0.3892853260040283;0.28922080993652344;0.3250420093536377;0.4346151351928711;0.3259751796722412;0.3528276920318604;0.05610322952270508;0.049687862396240234;0.04942941665649414;0.04822349548339844;0.04542374610900879;0.049773550033569335;0.8;0.9473684210526315;1.0;0.7368421052631579;0.7894736842105263;0.8547368421052631;1.0;1.0;1.0;1.0;1.0;1.0;0.75;1.0;1.0;0.6428571428571429;0.7777777777777778;0.8341269841269842;1.0;1.0;1.0;1.0;1.0;1.0;0.9;0.9;1.0;1.0;0.7777777777777778;0.9155555555555555;1.0;1.0;1.0;1.0;1.0;1.0;0.8181818181818182;0.9473684210526316;1.0;0.782608695652174;0.7777777777777778;0.8651873425328803;1.0;1.0;1.0;1.0;1.0;1.0;7;9;9;5;8;7.6;38;39;39;38;38;38.4;9;9;10;9;7;8.8;38;38;38;39;39;38.4;1;1;0;0;2;0.8;0;0;0;0;0;0.0;3;0;0;5;2;2.0;0;0;0;0;0;0.0
Audio;RandomForestClassifier_TFIDF_RandomUnder;data/train_test_data/readme_negative_samples_preprocessed_train.csv;0.3099532127380371;0.3477742671966553;0.4061579704284668;0.36066341400146484;0.33240389823913574;0.35139055252075196;0.03702044486999512;0.07694053649902344;0.07733154296875;0.035805702209472656;0.04353690147399902;0.05412702560424805;0.9;0.9473684210526315;0.8947368421052632;0.8947368421052632;0.8421052631578947;0.8957894736842105;1.0;1.0;1.0;1.0;1.0;1.0;0.8333333333333334;0.9090909090909091;1.0;0.8181818181818182;0.875;0.8871212121212121;1.0;1.0;1.0;1.0;1.0;1.0;1.0;1.0;0.8;1.0;0.7777777777777778;0.9155555555555555;1.0;1.0;1.0;1.0;1.0;1.0;0.9090909090909091;0.9523809523809523;0.888888888888889;0.9;0.823529411764706;0.8947780324250912;1.0;1.0;1.0;1.0;1.0;1.0;8;8;9;8;9;8.4;38;39;39;38;38;38.4;10;10;8;9;7;8.8;38;38;38;39;39;38.4;0;0;2;0;2;0.8;0;0;0;0;0;0.0;2;1;0;2;1;1.2;0;0;0;0;0;0.0
Audio;Linear_SVC_Count_Vectors_RandomUnder;data/train_test_data/readme_negative_samples_preprocessed_train.csv;0.7610418796539307;0.7094905376434326;0.504051923751831;0.5498275756835938;0.4152987003326416;0.5879421234130859;0.146315336227417;0.1915593147277832;0.13688206672668457;0.09130215644836426;0.11095046997070312;0.13540186882019042;0.9;0.9473684210526315;0.8421052631578947;0.8421052631578947;0.8421052631578947;0.874736842105263;1.0;1.0;1.0;1.0;1.0;1.0;0.8333333333333334;0.9090909090909091;0.8181818181818182;0.75;0.8;0.822121212121212;1.0;1.0;1.0;1.0;1.0;1.0;1.0;1.0;0.9;1.0;0.8888888888888888;0.9577777777777777;1.0;1.0;1.0;1.0;1.0;1.0;0.9090909090909091;0.9523809523809523;0.8571428571428572;0.8571428571428571;0.8421052631578948;0.8835725677830941;1.0;1.0;1.0;1.0;1.0;1.0;8;8;7;7;8;7.6;38;39;39;38;38;38.4;10;10;9;9;8;9.2;38;38;38;39;39;38.4;0;0;1;0;1;0.4;0;0;0;0;0;0.0;2;1;2;3;2;2.0;0;0;0;0;0;0.0
Audio;Linear_SVC_TFIDF_RandomUnder;data/train_test_data/readme_negative_samples_preprocessed_train.csv;0.7948610782623291;0.671891450881958;0.44495725631713867;0.5619106292724609;0.4465525150299072;0.5840345859527588;0.19422626495361328;0.23039531707763672;0.16001033782958984;0.1404564380645752;0.13326144218444824;0.17166996002197266;0.95;1.0;1.0;0.8421052631578947;0.8421052631578947;0.9268421052631579;1.0;1.0;1.0;1.0;1.0;1.0;0.9090909090909091;1.0;1.0;0.8;0.875;0.9168181818181818;1.0;1.0;1.0;1.0;1.0;1.0;1.0;1.0;1.0;0.8888888888888888;0.7777777777777778;0.9333333333333333;1.0;1.0;1.0;1.0;1.0;1.0;0.9523809523809523;1.0;1.0;0.8421052631578948;0.823529411764706;0.9236031254607106;1.0;1.0;1.0;1.0;1.0;1.0;9;9;9;8;9;8.8;38;39;39;38;38;38.4;10;10;10;8;7;9.0;38;38;38;39;39;38.4;0;0;0;1;2;0.6;0;0;0;0;0;0.0;1;0;0;2;1;0.8;0;0;0;0;0;0.0
PipelineID;Pipeline;train_set;fit_time_cv1;fit_time_cv2;fit_time_cv3;fit_time_cv4;fit_time_cv5;fit_time_mean;score_time_cv1;score_time_cv2;score_time_cv3;score_time_cv4;score_time_cv5;score_time_mean;test_accuracy_cv1;test_accuracy_cv2;test_accuracy_cv3;test_accuracy_cv4;test_accuracy_cv5;test_accuracy_mean;train_accuracy_cv1;train_accuracy_cv2;train_accuracy_cv3;train_accuracy_cv4;train_accuracy_cv5;train_accuracy_mean;test_precision_cv1;test_precision_cv2;test_precision_cv3;test_precision_cv4;test_precision_cv5;test_precision_mean;train_precision_cv1;train_precision_cv2;train_precision_cv3;train_precision_cv4;train_precision_cv5;train_precision_mean;test_recall_cv1;test_recall_cv2;test_recall_cv3;test_recall_cv4;test_recall_cv5;test_recall_mean;train_recall_cv1;train_recall_cv2;train_recall_cv3;train_recall_cv4;train_recall_cv5;train_recall_mean;test_f1-score_cv1;test_f1-score_cv2;test_f1-score_cv3;test_f1-score_cv4;test_f1-score_cv5;test_f1-score_mean;train_f1-score_cv1;train_f1-score_cv2;train_f1-score_cv3;train_f1-score_cv4;train_f1-score_cv5;train_f1-score_mean;test_tp_cv1;test_tp_cv2;test_tp_cv3;test_tp_cv4;test_tp_cv5;test_tp_mean;train_tp_cv1;train_tp_cv2;train_tp_cv3;train_tp_cv4;train_tp_cv5;train_tp_mean;test_tn_cv1;test_tn_cv2;test_tn_cv3;test_tn_cv4;test_tn_cv5;test_tn_mean;train_tn_cv1;train_tn_cv2;train_tn_cv3;train_tn_cv4;train_tn_cv5;train_tn_mean;test_fp_cv1;test_fp_cv2;test_fp_cv3;test_fp_cv4;test_fp_cv5;test_fp_mean;train_fp_cv1;train_fp_cv2;train_fp_cv3;train_fp_cv4;train_fp_cv5;train_fp_mean;test_fn_cv1;test_fn_cv2;test_fn_cv3;test_fn_cv4;test_fn_cv5;test_fn_mean;train_fn_cv1;train_fn_cv2;train_fn_cv3;train_fn_cv4;train_fn_cv5;train_fn_mean
Graphs;LR_Count_Vectors_RandomUnder;data/train_test_data/readme_negative_samples_preprocessed_train.csv;0.4356861114501953;0.3505268096923828;0.4006938934326172;0.33364057540893555;0.32478761672973633;0.3690670013427734;0.04659628868103027;0.06646490097045898;0.06528472900390625;0.09323263168334961;0.07550311088562012;0.06941633224487305;0.9795918367346939;0.9183673469387755;0.8571428571428571;0.9183673469387755;0.9166666666666666;0.9180272108843537;1.0;1.0;1.0;1.0;1.0;1.0;0.9615384615384616;0.8888888888888888;0.8148148148148148;0.9166666666666666;0.9166666666666666;0.8997150997150998;1.0;1.0;1.0;1.0;1.0;1.0;1.0;0.96;0.9166666666666666;0.9166666666666666;0.9166666666666666;0.942;1.0;1.0;1.0;1.0;1.0;1.0;0.9803921568627451;0.923076923076923;0.8627450980392156;0.9166666666666666;0.9166666666666666;0.9199095022624434;1.0;1.0;1.0;1.0;1.0;1.0;23;21;20;23;22;21.8;98;98;97;97;98;97.6;25;24;22;22;22;23.0;97;97;98;98;98;97.6;0;1;2;2;2;1.4;0;0;0;0;0;0.0;1;3;5;2;2;2.6;0;0;0;0;0;0.0
Graphs;LR_TFIDF_RandomUnder;data/train_test_data/readme_negative_samples_preprocessed_train.csv;0.25832676887512207;0.2782900333404541;0.377056360244751;0.2708432674407959;0.2209486961364746;0.28109302520751955;0.02908468246459961;0.0547785758972168;0.06221771240234375;0.0950613021850586;0.04604697227478027;0.0574378490447998;0.9591836734693877;0.9387755102040817;0.9387755102040817;0.8979591836734694;0.9583333333333334;0.9386054421768708;0.9897435897435898;1.0;0.9897435897435898;0.9897435897435898;0.9897959183673469;0.9918053375196232;1.0;0.9583333333333334;1.0;0.9523809523809523;1.0;0.9821428571428571;0.9896907216494846;1.0;0.9897959183673469;0.9897959183673469;0.9897959183673469;0.991815695350305;0.92;0.92;0.875;0.8333333333333334;0.9166666666666666;0.893;0.9896907216494846;1.0;0.9897959183673469;0.9897959183673469;0.9897959183673469;0.991815695350305;0.9583333333333334;0.9387755102040817;0.9333333333333333;0.888888888888889;0.9565217391304348;0.9351705609780143;0.9896907216494846;1.0;0.9897959183673469;0.9897959183673469;0.9897959183673469;0.991815695350305;24;23;25;24;24;24.0;97;98;96;96;97;96.8;23;23;21;20;22;21.8;96;97;97;97;97;96.8;2;2;3;4;2;2.6;1;0;1;1;1;0.8;0;1;0;1;0;0.4;1;0;1;1;1;0.8
Graphs;SVC_Count_Vectors_RandomUnder;data/train_test_data/readme_negative_samples_preprocessed_train.csv;0.5366554260253906;0.6279025077819824;0.5917906761169434;0.5207889080047607;0.5163564682006836;0.5586987972259522;0.042647600173950195;0.09096527099609375;0.07501530647277832;0.06540918350219727;0.0560452938079834;0.06601653099060059;0.5714285714285714;0.6530612244897959;0.5510204081632653;0.6530612244897959;0.6458333333333334;0.6148809523809524;0.6410256410256411;0.6461538461538462;0.6717948717948717;0.6717948717948717;0.6530612244897959;0.6567660910518053;0.5434782608695652;0.5952380952380952;0.5227272727272727;0.5853658536585366;0.5853658536585366;0.5664350672304013;0.5808383233532934;0.5843373493975904;0.6049382716049383;0.6049382716049383;0.5903614457831325;0.5930827323487786;1.0;1.0;0.9583333333333334;1.0;1.0;0.9916666666666668;1.0;1.0;1.0;1.0;1.0;1.0;0.704225352112676;0.7462686567164178;0.6764705882352942;0.7384615384615384;0.7384615384615384;0.7207775347974931;0.7348484848484849;0.7376425855513308;0.7538461538461538;0.7538461538461538;0.7424242424242424;0.7445215241032731;3;7;4;8;7;5.8;28;29;33;33;30;30.6;25;25;23;24;24;24.2;97;97;98;98;98;97.6;0;0;1;0;0;0.2;0;0;0;0;0;0.0;21;17;21;17;17;18.6;70;69;64;64;68;67.0
Graphs;SVC_TFIDF_RandomUnder;data/train_test_data/readme_negative_samples_preprocessed_train.csv;0.6630141735076904;0.5657954216003418;0.5613875389099121;0.6658377647399902;0.4780576229095459;0.5868185043334961;0.06347107887268066;0.07506513595581055;0.060353994369506836;0.11302828788757324;0.05924248695373535;0.07423219680786133;0.9591836734693877;0.9591836734693877;0.9387755102040817;0.9183673469387755;0.9583333333333334;0.9467687074829932;1.0;1.0;1.0;1.0;1.0;1.0;1.0;0.96;1.0;0.9545454545454546;1.0;0.9829090909090908;1.0;1.0;1.0;1.0;1.0;1.0;0.92;0.96;0.875;0.875;0.9166666666666666;0.9093333333333333;1.0;1.0;1.0;1.0;1.0;1.0;0.9583333333333334;0.96;0.9333333333333333;0.9130434782608695;0.9565217391304348;0.9442463768115943;1.0;1.0;1.0;1.0;1.0;1.0;24;23;25;24;24;24.0;98;98;97;97;98;97.6;23;24;21;21;22;22.2;97;97;98;98;98;97.6;2;1;3;3;2;2.2;0;0;0;0;0;0.0;0;1;0;1;0;0.4;0;0;0;0;0;0.0
Graphs;KNN_Count_Vectors_RandomUnder;data/train_test_data/readme_negative_samples_preprocessed_train.csv;0.2252943515777588;0.19387102127075195;0.2082958221435547;0.23316359519958496;0.22998785972595215;0.2181225299835205;0.05272650718688965;0.05924510955810547;0.0793004035949707;0.10490894317626953;0.09080004692077637;0.07739620208740235;0.5510204081632653;0.673469387755102;0.5918367346938775;0.6326530612244898;0.6458333333333334;0.6189625850340137;1.0;1.0;1.0;1.0;1.0;1.0;0.5319148936170213;0.6097560975609756;0.5454545454545454;0.5714285714285714;0.5853658536585366;0.5687839923439302;1.0;1.0;1.0;1.0;1.0;1.0;1.0;1.0;1.0;1.0;1.0;1.0;1.0;1.0;1.0;1.0;1.0;1.0;0.6944444444444444;0.7575757575757575;0.7058823529411764;0.7272727272727273;0.7384615384615384;0.7247273641391289;1.0;1.0;1.0;1.0;1.0;1.0;2;8;5;7;7;5.8;98;98;97;97;98;97.6;25;25;24;24;24;24.4;97;97;98;98;98;97.6;0;0;0;0;0;0.0;0;0;0;0;0;0.0;22;16;20;18;17;18.6;0;0;0;0;0;0.0
Graphs;KNN_TFIDF_RandomUnder;data/train_test_data/readme_negative_samples_preprocessed_train.csv;0.2455587387084961;0.1772139072418213;0.17551803588867188;0.17386102676391602;0.28088808059692383;0.21060795783996583;0.06017637252807617;0.04771828651428223;0.04636263847351074;0.054548025131225586;0.08013200759887695;0.05778746604919434;0.9591836734693877;0.9183673469387755;0.9183673469387755;0.8775510204081632;0.875;0.9096938775510204;0.9333333333333333;0.958974358974359;0.9333333333333333;0.9384615384615385;0.9285714285714286;0.9385347985347986;0.9259259259259259;0.92;0.8846153846153846;0.8214285714285714;0.8461538461538461;0.8796247456247455;0.8962264150943396;0.9320388349514563;0.912621359223301;0.9134615384615384;0.8888888888888888;0.9086474073239049;1.0;0.92;0.9583333333333334;0.9583333333333334;0.9166666666666666;0.9506666666666668;0.979381443298969;0.9896907216494846;0.9591836734693877;0.9693877551020408;0.9795918367346939;0.9754470860509151;0.9615384615384615;0.92;0.9199999999999999;0.8846153846153847;0.8799999999999999;0.9132307692307691;0.9359605911330049;0.9600000000000001;0.9353233830845772;0.9405940594059407;0.9320388349514563;0.9407833737149958;22;22;22;20;20;21.2;87;91;88;88;86;88.0;25;23;23;23;22;23.2;95;96;94;95;96;95.2;0;2;1;1;2;1.2;2;1;4;3;2;2.4;2;2;3;5;4;3.2;11;7;9;9;12;9.6
Graphs;RandomForestClassifier_Count_Vectors_RandomUnder;data/train_test_data/readme_negative_samples_preprocessed_train.csv;0.424823522567749;0.3538806438446045;0.35355710983276367;0.5068590641021729;0.49511241912841797;0.4268465518951416;0.04868674278259277;0.058823585510253906;0.05426287651062012;0.08535265922546387;0.078033447265625;0.06503186225891114;0.8775510204081632;0.8979591836734694;0.8775510204081632;0.8775510204081632;0.8958333333333334;0.8852891156462585;1.0;1.0;1.0;1.0;1.0;1.0;0.8275862068965517;0.8571428571428571;0.8214285714285714;0.8214285714285714;0.8518518518518519;0.8358876117496807;1.0;1.0;1.0;1.0;1.0;1.0;0.96;0.96;0.9583333333333334;0.9583333333333334;0.9583333333333334;0.959;1.0;1.0;1.0;1.0;1.0;1.0;0.888888888888889;0.9056603773584904;0.8846153846153847;0.8846153846153847;0.9019607843137256;0.8931481639583747;1.0;1.0;1.0;1.0;1.0;1.0;19;20;20;20;20;19.8;98;98;97;97;98;97.6;24;24;23;23;23;23.4;97;97;98;98;98;97.6;1;1;1;1;1;1.0;0;0;0;0;0;0.0;5;4;5;5;4;4.6;0;0;0;0;0;0.0
Graphs;RandomForestClassifier_TFIDF_RandomUnder;data/train_test_data/readme_negative_samples_preprocessed_train.csv;0.5796282291412354;0.5002803802490234;0.5000596046447754;0.6233563423156738;0.45554089546203613;0.5317730903625488;0.06763124465942383;0.06778573989868164;0.06345677375793457;0.11130905151367188;0.08167171478271484;0.07837090492248536;0.8775510204081632;0.9183673469387755;0.8571428571428571;0.7959183673469388;0.8541666666666666;0.8606292517006804;1.0;1.0;1.0;1.0;1.0;1.0;0.8275862068965517;0.8888888888888888;0.7931034482758621;0.7333333333333333;0.8148148148148148;0.81154533844189;1.0;1.0;1.0;1.0;1.0;1.0;0.96;0.96;0.9583333333333334;0.9166666666666666;0.9166666666666666;0.9423333333333334;1.0;1.0;1.0;1.0;1.0;1.0;0.888888888888889;0.923076923076923;0.8679245283018867;0.8148148148148148;0.8627450980392156;0.8714900506243458;1.0;1.0;1.0;1.0;1.0;1.0;19;21;19;17;19;19.0;98;98;97;97;98;97.6;24;24;23;22;22;23.0;97;97;98;98;98;97.6;1;1;1;2;2;1.4;0;0;0;0;0;0.0;5;3;6;8;5;5.4;0;0;0;0;0;0.0
Graphs;Linear_SVC_Count_Vectors_RandomUnder;data/train_test_data/readme_negative_samples_preprocessed_train.csv;0.7465698719024658;0.6642007827758789;0.9573426246643066;0.8493118286132812;0.6532549858093262;0.7741360187530517;0.17290616035461426;0.14504146575927734;0.2562522888183594;0.3030726909637451;0.17950725555419922;0.21135597229003905;1.0;0.9387755102040817;0.8571428571428571;0.9591836734693877;0.9583333333333334;0.9426870748299321;1.0;1.0;1.0;1.0;1.0;1.0;1.0;0.9230769230769231;0.8148148148148148;0.9583333333333334;0.9583333333333334;0.9309116809116809;1.0;1.0;1.0;1.0;1.0;1.0;1.0;0.96;0.9166666666666666;0.9583333333333334;0.9583333333333334;0.9586666666666666;1.0;1.0;1.0;1.0;1.0;1.0;1.0;0.9411764705882353;0.8627450980392156;0.9583333333333334;0.9583333333333334;0.9441176470588235;1.0;1.0;1.0;1.0;1.0;1.0;24;22;20;24;23;22.6;98;98;97;97;98;97.6;25;24;22;23;23;23.4;97;97;98;98;98;97.6;0;1;2;1;1;1.0;0;0;0;0;0;0.0;0;2;5;1;1;1.8;0;0;0;0;0;0.0
Graphs;Linear_SVC_TFIDF_RandomUnder;data/train_test_data/readme_negative_samples_preprocessed_train.csv;1.1523261070251465;1.0896315574645996;0.7942743301391602;0.6871066093444824;0.7571945190429688;0.8961066246032715;0.22945427894592285;0.27062249183654785;0.1791391372680664;0.2002425193786621;0.18543148040771484;0.21297798156738282;0.9795918367346939;0.9591836734693877;0.9591836734693877;0.9183673469387755;0.9583333333333334;0.9549319727891156;1.0;1.0;1.0;1.0;1.0;1.0;1.0;0.96;1.0;0.9166666666666666;1.0;0.9753333333333334;1.0;1.0;1.0;1.0;1.0;1.0;0.96;0.96;0.9166666666666666;0.9166666666666666;0.9166666666666666;0.9339999999999999;1.0;1.0;1.0;1.0;1.0;1.0;0.9795918367346939;0.96;0.9565217391304348;0.9166666666666666;0.9565217391304348;0.953860396332446;1.0;1.0;1.0;1.0;1.0;1.0;24;23;25;23;24;23.8;98;98;97;97;98;97.6;24;24;22;22;22;22.8;97;97;98;98;98;97.6;1;1;2;2;2;1.6;0;0;0;0;0;0.0;0;1;0;2;0;0.6;0;0;0;0;0;0.0
PipelineID;Pipeline;train_set;fit_time_cv1;fit_time_cv2;fit_time_cv3;fit_time_cv4;fit_time_cv5;fit_time_mean;score_time_cv1;score_time_cv2;score_time_cv3;score_time_cv4;score_time_cv5;score_time_mean;test_accuracy_cv1;test_accuracy_cv2;test_accuracy_cv3;test_accuracy_cv4;test_accuracy_cv5;test_accuracy_mean;train_accuracy_cv1;train_accuracy_cv2;train_accuracy_cv3;train_accuracy_cv4;train_accuracy_cv5;train_accuracy_mean;test_precision_cv1;test_precision_cv2;test_precision_cv3;test_precision_cv4;test_precision_cv5;test_precision_mean;train_precision_cv1;train_precision_cv2;train_precision_cv3;train_precision_cv4;train_precision_cv5;train_precision_mean;test_recall_cv1;test_recall_cv2;test_recall_cv3;test_recall_cv4;test_recall_cv5;test_recall_mean;train_recall_cv1;train_recall_cv2;train_recall_cv3;train_recall_cv4;train_recall_cv5;train_recall_mean;test_f1-score_cv1;test_f1-score_cv2;test_f1-score_cv3;test_f1-score_cv4;test_f1-score_cv5;test_f1-score_mean;train_f1-score_cv1;train_f1-score_cv2;train_f1-score_cv3;train_f1-score_cv4;train_f1-score_cv5;train_f1-score_mean;test_tp_cv1;test_tp_cv2;test_tp_cv3;test_tp_cv4;test_tp_cv5;test_tp_mean;train_tp_cv1;train_tp_cv2;train_tp_cv3;train_tp_cv4;train_tp_cv5;train_tp_mean;test_tn_cv1;test_tn_cv2;test_tn_cv3;test_tn_cv4;test_tn_cv5;test_tn_mean;train_tn_cv1;train_tn_cv2;train_tn_cv3;train_tn_cv4;train_tn_cv5;train_tn_mean;test_fp_cv1;test_fp_cv2;test_fp_cv3;test_fp_cv4;test_fp_cv5;test_fp_mean;train_fp_cv1;train_fp_cv2;train_fp_cv3;train_fp_cv4;train_fp_cv5;train_fp_mean;test_fn_cv1;test_fn_cv2;test_fn_cv3;test_fn_cv4;test_fn_cv5;test_fn_mean;train_fn_cv1;train_fn_cv2;train_fn_cv3;train_fn_cv4;train_fn_cv5;train_fn_mean
Reinforcement Learning;LR_Count_Vectors_RandomUnder;data/train_test_data/readme_negative_samples_preprocessed_train.csv;1.5062260627746582;0.9454941749572754;1.3746390342712402;0.9500994682312012;0.8794610500335693;1.131183958053589;0.15431571006774902;0.1392374038696289;0.22084736824035645;0.13942527770996094;0.1566934585571289;0.16210384368896485;0.9538461538461539;0.9461538461538461;0.9538461538461539;0.9689922480620154;0.937984496124031;0.9521645796064402;1.0;1.0;1.0;1.0;1.0;1.0;0.9682539682539683;0.953125;0.9836065573770492;0.9838709677419355;0.9672131147540983;0.9712139216254103;1.0;1.0;1.0;1.0;1.0;1.0;0.9384615384615385;0.9384615384615385;0.9230769230769231;0.953125;0.9076923076923077;0.9321634615384615;1.0;1.0;1.0;1.0;1.0;1.0;0.953125;0.9457364341085271;0.9523809523809524;0.9682539682539683;0.9365079365079365;0.9512008582502769;1.0;1.0;1.0;1.0;1.0;1.0;61;61;60;61;59;60.4;259;259;259;260;259;259.2;63;62;64;64;62;63.0;259;259;259;259;260;259.2;2;3;1;1;2;1.8;0;0;0;0;0;0.0;4;4;5;3;6;4.4;0;0;0;0;0;0.0
Reinforcement Learning;LR_TFIDF_RandomUnder;data/train_test_data/readme_negative_samples_preprocessed_train.csv;1.0152199268341064;0.7889814376831055;1.0825772285461426;0.8678076267242432;0.7443077564239502;0.8997787952423095;0.24084234237670898;0.1420736312866211;0.24969267845153809;0.18908476829528809;0.14934659004211426;0.1942080020904541;0.9769230769230769;0.9692307692307692;0.9615384615384616;0.9534883720930233;0.9534883720930233;0.9629338103756708;0.9922779922779923;0.9864864864864865;0.9922779922779923;0.9922928709055877;0.9922928709055877;0.9911256425707293;1.0;1.0;1.0;0.9833333333333333;1.0;0.9966666666666667;0.9961089494163424;0.9960629921259843;0.9961089494163424;1.0;0.9961089494163424;0.9968779680750023;0.9538461538461539;0.9384615384615385;0.9230769230769231;0.921875;0.9076923076923077;0.9289903846153846;0.9884169884169884;0.9768339768339769;0.9884169884169884;0.9846153846153847;0.9884169884169884;0.9853400653400654;0.9763779527559054;0.9682539682539683;0.9600000000000001;0.9516129032258064;0.9516129032258065;0.9615715454922974;0.9922480620155039;0.9863547758284601;0.9922480620155039;0.9922480620155039;0.9922480620155039;0.991069404778095;62;61;60;59;59;60.2;256;253;256;256;256;255.4;65;65;65;64;64;64.6;258;258;258;259;259;258.4;0;0;0;1;0;0.2;1;1;1;0;1;0.8;3;4;5;5;6;4.6;3;6;3;4;3;3.8
Reinforcement Learning;SVC_Count_Vectors_RandomUnder;data/train_test_data/readme_negative_samples_preprocessed_train.csv;2.209026575088501;3.8130786418914795;3.1258013248443604;2.5883405208587646;3.5843071937561035;3.064110851287842;0.18743634223937988;0.20600485801696777;0.2358255386352539;0.19869637489318848;0.21312260627746582;0.20821714401245117;0.6923076923076923;0.7538461538461538;0.7538461538461538;0.7286821705426356;0.7829457364341085;0.7423255813953489;0.7451737451737451;0.7799227799227799;0.7606177606177607;0.7514450867052023;0.7938342967244701;0.7661987338287917;0.6237623762376238;0.6701030927835051;0.6736842105263158;0.6494845360824743;0.6989247311827957;0.663191789362543;0.6624040920716112;0.6943699731903485;0.6762402088772846;0.6683804627249358;0.7076502732240437;0.6818090020176447;0.9692307692307692;1.0;0.9846153846153847;0.984375;1.0;0.9876442307692308;1.0;1.0;1.0;1.0;1.0;1.0;0.7590361445783133;0.8024691358024691;0.8;0.782608695652174;0.8227848101265823;0.7933797572319078;0.7969230769230768;0.819620253164557;0.8068535825545171;0.8012326656394454;0.8288;0.8106859156563193;63;65;64;63;65;64.0;259;259;259;260;259;259.2;27;33;34;31;36;32.2;127;145;135;130;153;138.0;38;32;31;34;28;32.6;132;114;124;129;107;121.2;2;0;1;1;0;0.8;0;0;0;0;0;0.0
Reinforcement Learning;SVC_TFIDF_RandomUnder;data/train_test_data/readme_negative_samples_preprocessed_train.csv;4.230802059173584;3.274142265319824;3.674776077270508;3.383967638015747;4.483244895935059;3.8093865871429444;0.31534790992736816;0.23254799842834473;0.3636898994445801;0.2552051544189453;0.3727419376373291;0.3079065799713135;0.9615384615384616;0.9615384615384616;0.9615384615384616;0.937984496124031;0.9457364341085271;0.9536672629695886;1.0;1.0;1.0;1.0;1.0;1.0;1.0;1.0;1.0;0.9827586206896551;1.0;0.9965517241379309;1.0;1.0;1.0;1.0;1.0;1.0;0.9230769230769231;0.9230769230769231;0.9230769230769231;0.890625;0.8923076923076924;0.9104326923076924;1.0;1.0;1.0;1.0;1.0;1.0;0.9600000000000001;0.9600000000000001;0.9600000000000001;0.9344262295081966;0.9430894308943091;0.9515031320805012;1.0;1.0;1.0;1.0;1.0;1.0;60;60;60;57;58;59.0;259;259;259;260;259;259.2;65;65;65;64;64;64.6;259;259;259;259;260;259.2;0;0;0;1;0;0.2;0;0;0;0;0;0.0;5;5;5;7;7;5.8;0;0;0;0;0;0.0
Reinforcement Learning;KNN_Count_Vectors_RandomUnder;data/train_test_data/readme_negative_samples_preprocessed_train.csv;0.49281740188598633;0.8076066970825195;0.46773338317871094;0.46515607833862305;0.7846105098724365;0.6035848140716553;0.13152408599853516;0.2574291229248047;0.161940336227417;0.1707773208618164;0.2998027801513672;0.20429472923278807;0.8461538461538461;0.8769230769230769;0.9076923076923077;0.8527131782945736;0.8992248062015504;0.8765414430530709;1.0;1.0;1.0;1.0;1.0;1.0;0.8947368421052632;0.8656716417910447;0.8441558441558441;0.7777777777777778;0.9482758620689655;0.8661235935797791;1.0;1.0;1.0;1.0;1.0;1.0;0.7846153846153846;0.8923076923076924;1.0;0.984375;0.8461538461538461;0.9014903846153846;1.0;1.0;1.0;1.0;1.0;1.0;0.8360655737704918;0.8787878787878788;0.9154929577464789;0.8689655172413794;0.894308943089431;0.878724174127132;1.0;1.0;1.0;1.0;1.0;1.0;51;58;65;63;55;58.4;259;259;259;260;259;259.2;59;56;53;47;61;55.2;259;259;259;259;260;259.2;6;9;12;18;3;9.6;0;0;0;0;0;0.0;14;7;0;1;10;6.4;0;0;0;0;0;0.0
Reinforcement Learning;KNN_TFIDF_RandomUnder;data/train_test_data/readme_negative_samples_preprocessed_train.csv;0.8737995624542236;0.8633840084075928;0.7817459106445312;0.7431542873382568;0.8061504364013672;0.8136468410491944;0.24274373054504395;0.2559025287628174;0.1975727081298828;0.18243122100830078;0.28008484840393066;0.23174700736999512;0.8923076923076924;0.9846153846153847;0.9153846153846154;0.9534883720930233;0.9224806201550387;0.9336553369111508;0.9652509652509652;0.9594594594594594;0.9498069498069498;0.9614643545279383;0.9653179190751445;0.9602599296240915;0.8493150684931506;0.9701492537313433;0.8857142857142857;0.9142857142857143;0.8873239436619719;0.901357653177293;0.9479553903345725;0.9375;0.9236363636363636;0.9379562043795621;0.9381818181818182;0.9370459553064633;0.9538461538461539;1.0;0.9538461538461539;1.0;0.9692307692307692;0.9753846153846155;0.9845559845559846;0.9845559845559846;0.9806949806949807;0.9884615384615385;0.9961389961389961;0.986881496881497;0.8985507246376813;0.9848484848484849;0.9185185185185185;0.955223880597015;0.9264705882352942;0.9367224393673987;0.9659090909090909;0.9604519774011299;0.951310861423221;0.9625468164794009;0.9662921348314607;0.9613021762088607;62;65;62;64;63;63.2;255;255;254;257;258;255.8;54;63;57;59;56;57.8;245;242;238;242;243;242.0;11;2;8;6;8;7.0;14;17;21;17;17;17.2;3;0;3;0;2;1.6;4;4;5;3;1;3.4
Reinforcement Learning;RandomForestClassifier_Count_Vectors_RandomUnder;data/train_test_data/readme_negative_samples_preprocessed_train.csv;1.2443718910217285;1.1022710800170898;1.2404000759124756;1.0949606895446777;0.7865662574768066;1.0937139987945557;0.23441648483276367;0.15535473823547363;0.24710345268249512;0.15533971786499023;0.16600704193115234;0.191644287109375;0.9615384615384616;0.9538461538461539;0.9769230769230769;0.9689922480620154;0.9689922480620154;0.9660584376863447;1.0;1.0;1.0;1.0;1.0;1.0;0.9838709677419355;1.0;1.0;0.9838709677419355;1.0;0.9935483870967742;1.0;1.0;1.0;1.0;1.0;1.0;0.9384615384615385;0.9076923076923077;0.9538461538461539;0.953125;0.9384615384615385;0.9383173076923077;1.0;1.0;1.0;1.0;1.0;1.0;0.9606299212598426;0.9516129032258065;0.9763779527559054;0.9682539682539683;0.9682539682539683;0.9650257427498982;1.0;1.0;1.0;1.0;1.0;1.0;61;59;62;61;61;60.8;259;259;259;260;259;259.2;64;65;65;64;64;64.4;259;259;259;259;260;259.2;1;0;0;1;0;0.4;0;0;0;0;0;0.0;4;6;3;3;4;4.0;0;0;0;0;0;0.0
Reinforcement Learning;RandomForestClassifier_TFIDF_RandomUnder;data/train_test_data/readme_negative_samples_preprocessed_train.csv;0.8692255020141602;1.3358194828033447;0.8404247760772705;1.3243701457977295;0.8476765155792236;1.0435032844543457;0.14594721794128418;0.23810172080993652;0.15712690353393555;0.23415899276733398;0.16951465606689453;0.18896989822387694;0.9538461538461539;0.9692307692307692;0.9769230769230769;0.9767441860465116;0.9689922480620154;0.9691472868217055;1.0;1.0;1.0;1.0;1.0;1.0;0.9682539682539683;1.0;1.0;0.9841269841269841;1.0;0.9904761904761905;1.0;1.0;1.0;1.0;1.0;1.0;0.9384615384615385;0.9384615384615385;0.9538461538461539;0.96875;0.9384615384615385;0.9475961538461538;1.0;1.0;1.0;1.0;1.0;1.0;0.953125;0.9682539682539683;0.9763779527559054;0.9763779527559054;0.9682539682539683;0.9684777684039496;1.0;1.0;1.0;1.0;1.0;1.0;61;61;62;62;61;61.4;259;259;259;260;259;259.2;63;65;65;64;64;64.2;259;259;259;259;260;259.2;2;0;0;1;0;0.6;0;0;0;0;0;0.0;4;4;3;2;4;3.4;0;0;0;0;0;0.0
Reinforcement Learning;Linear_SVC_Count_Vectors_RandomUnder;data/train_test_data/readme_negative_samples_preprocessed_train.csv;2.4381344318389893;2.5848543643951416;3.86511492729187;3.903717517852783;2.5598509311676025;3.0703344345092773;0.49654197692871094;0.6061489582061768;0.7893893718719482;0.8257284164428711;0.6381480693817139;0.6711913585662842;0.9692307692307692;0.9461538461538461;0.9615384615384616;0.9689922480620154;0.9224806201550387;0.9536791890280263;1.0;1.0;1.0;1.0;1.0;1.0;0.9841269841269841;0.9393939393939394;1.0;0.9838709677419355;0.9508196721311475;0.9716423126788014;1.0;1.0;1.0;1.0;1.0;1.0;0.9538461538461539;0.9538461538461539;0.9230769230769231;0.953125;0.8923076923076924;0.9352403846153846;1.0;1.0;1.0;1.0;1.0;1.0;0.96875;0.9465648854961831;0.9600000000000001;0.9682539682539683;0.9206349206349206;0.9528407548770144;1.0;1.0;1.0;1.0;1.0;1.0;62;62;60;61;58;60.6;259;259;259;260;259;259.2;64;61;65;64;61;63.0;259;259;259;259;260;259.2;1;4;0;1;3;1.8;0;0;0;0;0;0.0;3;3;5;3;7;4.2;0;0;0;0;0;0.0
Reinforcement Learning;Linear_SVC_TFIDF_RandomUnder;data/train_test_data/readme_negative_samples_preprocessed_train.csv;2.785285234451294;2.3493616580963135;3.9947593212127686;2.765829563140869;4.100196599960327;3.1990864753723143;0.608961820602417;0.49668264389038086;0.6972396373748779;0.6410167217254639;0.7384300231933594;0.6364661693572998;0.9846153846153847;0.9923076923076923;0.9769230769230769;0.9689922480620154;0.9689922480620154;0.9783661299940369;1.0;1.0;1.0;1.0;1.0;1.0;1.0;1.0;1.0;0.9838709677419355;1.0;0.9967741935483871;1.0;1.0;1.0;1.0;1.0;1.0;0.9692307692307692;0.9846153846153847;0.9538461538461539;0.953125;0.9384615384615385;0.9598557692307693;1.0;1.0;1.0;1.0;1.0;1.0;0.9843749999999999;0.9922480620155039;0.9763779527559054;0.9682539682539683;0.9682539682539683;0.9779017902558692;1.0;1.0;1.0;1.0;1.0;1.0;63;64;62;61;61;62.2;259;259;259;260;259;259.2;65;65;65;64;64;64.6;259;259;259;259;260;259.2;0;0;0;1;0;0.2;0;0;0;0;0;0.0;2;1;3;3;4;2.6;0;0;0;0;0;0.0
