;PipelineID;Pipeline;Train dataset;Validation dataset;fit_time_cv1;fit_time_cv2;fit_time_cv3;fit_time_cv4;fit_time_cv5;fit_time_mean;score_time_cv1;score_time_cv2;score_time_cv3;score_time_cv4;score_time_cv5;score_time_mean;test_acc_cv1;test_acc_cv2;test_acc_cv3;test_acc_cv4;test_acc_cv5;test_acc_mean;test_prec_cv1;test_prec_cv2;test_prec_cv3;test_prec_cv4;test_prec_cv5;test_prec_mean;test_recall_cv1;test_recall_cv2;test_recall_cv3;test_recall_cv4;test_recall_cv5;test_recall_mean;test_f1-score_cv1;test_f1-score_cv2;test_f1-score_cv3;test_f1-score_cv4;test_f1-score_cv5;test_f1-score_mean;test_tp_cv1;test_tp_cv2;test_tp_cv3;test_tp_cv4;test_tp_cv5;test_tp_mean;test_tn_cv1;test_tn_cv2;test_tn_cv3;test_tn_cv4;test_tn_cv5;test_tn_mean;test_fp_cv1;test_fp_cv2;test_fp_cv3;test_fp_cv4;test_fp_cv5;test_fp_mean;test_fn_cv1;test_fn_cv2;test_fn_cv3;test_fn_cv4;test_fn_cv5;test_fn_mean;acc_overall;prec_overall;recall_overall;f1-score_overall;tp_overall;tn_overall;fp_overall;fn_overall
0;13_Reinforcement Learning;LR_Count_Vectors_RandomUnder;somef_data_train.csv;somef_data_test.csv;0.02579188346862793;0.020046234130859375;0.027440547943115234;0.025353193283081055;0.01719379425048828;0.023165130615234376;0.00529026985168457;0.003224611282348633;0.0052947998046875;0.005631685256958008;0.003135204315185547;0.004515314102172851;0.8441558441558441;0.7792207792207793;0.7467532467532467;0.7973856209150327;0.7843137254901961;0.7903658433070196;0.8271604938271605;0.7311827956989247;0.7111111111111111;0.7586206896551724;0.7682926829268293;0.7592735546438396;0.8701298701298701;0.8831168831168831;0.8311688311688312;0.868421052631579;0.8181818181818182;0.8542036910457963;0.8481012658227849;0.7999999999999999;0.7664670658682636;0.8098159509202454;0.7924528301886793;0.8033674225599947;67;68;64;66;63;65.6;63;52;51;56;57;55.8;14;25;26;21;19;21.0;10;9;13;10;14;11.2;0.7239583333333334;0.6936936936936937;0.8020833333333334;0.7439613526570048;77;62;34;19
0;13_Reinforcement Learning;LR_TFIDF_RandomUnder;somef_data_train.csv;somef_data_test.csv;0.007768392562866211;0.0076138973236083984;0.007324934005737305;0.012752294540405273;0.011089324951171875;0.009309768676757812;0.0030133724212646484;0.003032207489013672;0.0030660629272460938;0.005654811859130859;0.005085468292236328;0.00397038459777832;0.7727272727272727;0.8246753246753247;0.7792207792207793;0.803921568627451;0.7777777777777778;0.791664544605721;0.8181818181818182;0.8787878787878788;0.7866666666666666;0.8194444444444444;0.8307692307692308;0.8267700077700078;0.7012987012987013;0.7532467532467533;0.7662337662337663;0.7763157894736842;0.7012987012987013;0.7396787423103213;0.7552447552447552;0.8111888111888111;0.7763157894736841;0.7972972972972973;0.76056338028169;0.7801220066972475;54;58;59;59;54;56.8;65;69;61;64;65;64.8;12;8;16;13;11;12.0;23;19;18;17;23;20.0;0.7604166666666666;0.7840909090909091;0.71875;0.75;69;77;19;27
0;13_Reinforcement Learning;SVC_Count_Vectors_RandomUnder;somef_data_train.csv;somef_data_test.csv;0.03325009346008301;0.033368587493896484;0.03286004066467285;0.03368830680847168;0.03292584419250488;0.03321857452392578;0.01061701774597168;0.013271093368530273;0.013142108917236328;0.012907028198242188;0.01307225227355957;0.012601900100708007;0.7792207792207793;0.7987012987012987;0.7012987012987013;0.7581699346405228;0.738562091503268;0.7551905610729139;0.7415730337078652;0.73;0.6396396396396397;0.6857142857142857;0.6868686868686869;0.6967591291860955;0.8571428571428571;0.948051948051948;0.922077922077922;0.9473684210526315;0.8831168831168831;0.9115516062884484;0.7951807228915663;0.824858757062147;0.7553191489361702;0.7955801104972374;0.7727272727272728;0.7887332024228788;66;73;71;72;68;70.0;54;50;37;44;45;46.0;23;27;40;33;31;30.8;11;4;6;4;9;6.8;0.7395833333333334;0.6742424242424242;0.9270833333333334;0.7807017543859649;89;53;43;7
0;13_Reinforcement Learning;SVC_TFIDF_RandomUnder;somef_data_train.csv;somef_data_test.csv;0.029589176177978516;0.028532028198242188;0.0319821834564209;0.03145432472229004;0.02827763557434082;0.029967069625854492;0.008571147918701172;0.010082721710205078;0.011882781982421875;0.012050390243530273;0.008951663970947266;0.010307741165161134;0.8311688311688312;0.8311688311688312;0.7662337662337663;0.803921568627451;0.8169934640522876;0.8098972922502334;0.8591549295774648;0.8493150684931506;0.735632183908046;0.7948717948717948;0.8266666666666667;0.8131281287034244;0.7922077922077922;0.8051948051948052;0.8311688311688312;0.8157894736842105;0.8051948051948052;0.8099111414900889;0.8243243243243243;0.8266666666666668;0.7804878048780488;0.8051948051948051;0.8157894736842106;0.8104926149496112;61;62;64;62;62;62.2;67;66;54;61;63;62.2;10;11;23;16;13;14.6;16;15;13;14;15;14.6;0.7447916666666666;0.7582417582417582;0.71875;0.7379679144385026;69;74;22;27
0;13_Reinforcement Learning;KNN_Count_Vectors_RandomUnder;somef_data_train.csv;somef_data_test.csv;0.0011157989501953125;0.001157999038696289;0.0010848045349121094;0.0010793209075927734;0.000911712646484375;0.001069927215576172;0.028044939041137695;0.027361392974853516;0.02339482307434082;0.026748180389404297;0.024801969528198242;0.026070261001586915;0.6948051948051948;0.6948051948051948;0.6623376623376623;0.6928104575163399;0.6601307189542484;0.680977845683728;0.6973684210526315;0.6785714285714286;0.6404494382022472;0.6790123456790124;0.6436781609195402;0.667815958884972;0.6883116883116883;0.7402597402597403;0.7402597402597403;0.7236842105263158;0.7272727272727273;0.7239576213260424;0.6928104575163399;0.7080745341614907;0.6867469879518073;0.7006369426751592;0.6829268292682927;0.6942391503146179;53;57;57;55;56;55.6;54;50;45;51;45;49.0;23;27;32;26;31;27.8;24;20;20;21;21;21.2;0.7291666666666666;0.7075471698113207;0.78125;0.7425742574257426;75;65;31;21
0;13_Reinforcement Learning;KNN_TFIDF_RandomUnder;somef_data_train.csv;somef_data_test.csv;0.0013229846954345703;0.0012323856353759766;0.0012028217315673828;0.0013642311096191406;0.001262664794921875;0.001277017593383789;0.02706122398376465;0.02445816993713379;0.023953676223754883;0.03763985633850098;0.029291391372680664;0.02848086357116699;0.6753246753246753;0.6168831168831169;0.6168831168831169;0.6078431372549019;0.673202614379085;0.6380273321449792;0.6310679611650486;0.5803571428571429;0.5725806451612904;0.5655737704918032;0.6336633663366337;0.5966485772023838;0.8441558441558441;0.8441558441558441;0.922077922077922;0.9078947368421053;0.8311688311688312;0.8698906356801095;0.7222222222222222;0.6878306878306879;0.7064676616915424;0.6969696969696969;0.7191011235955057;0.706518278461931;65;65;71;69;64;66.8;39;30;24;24;39;31.2;38;47;53;53;37;45.6;12;12;6;7;13;10.0;0.6666666666666666;0.626984126984127;0.8229166666666666;0.7117117117117118;79;49;47;17
0;13_Reinforcement Learning;RandomForestClassifier_Count_Vectors_RandomUnder;somef_data_train.csv;somef_data_test.csv;0.261183500289917;0.2813742160797119;0.2732207775115967;0.2866795063018799;0.29055356979370117;0.27860231399536134;0.0330808162689209;0.026170969009399414;0.02972722053527832;0.02123546600341797;0.03373074531555176;0.028789043426513672;0.7727272727272727;0.8311688311688312;0.7727272727272727;0.8235294117647058;0.7908496732026143;0.7982004923181393;0.828125;0.7865168539325843;0.75;0.7951807228915663;0.7647058823529411;0.7849056918354184;0.6883116883116883;0.9090909090909091;0.8181818181818182;0.868421052631579;0.8441558441558441;0.8256322624743678;0.7517730496453902;0.8433734939759036;0.7826086956521738;0.8301886792452832;0.8024691358024691;0.8020826108642438;53;70;63;66;65;63.4;66;58;56;60;56;59.2;11;19;21;17;20;17.6;24;7;14;10;12;13.4;0.703125;0.6695652173913044;0.8020833333333334;0.7298578199052133;77;58;38;19
0;13_Reinforcement Learning;RandomForestClassifier_TFIDF_RandomUnder;somef_data_train.csv;somef_data_test.csv;0.27502989768981934;0.28586745262145996;0.2670586109161377;0.2733283042907715;0.26275038719177246;0.2728069305419922;0.025057077407836914;0.0309298038482666;0.0262448787689209;0.032660484313964844;0.02890777587890625;0.0287600040435791;0.8051948051948052;0.8051948051948052;0.7662337662337663;0.7777777777777778;0.7973856209150327;0.7903573550632375;0.7974683544303798;0.7831325301204819;0.735632183908046;0.75;0.7804878048780488;0.7693441746673912;0.8181818181818182;0.8441558441558441;0.8311688311688312;0.8289473684210527;0.8311688311688312;0.8307245386192754;0.8076923076923078;0.8124999999999999;0.7804878048780488;0.7875;0.8050314465408805;0.7986423118222474;63;65;64;63;64;63.8;61;59;54;56;58;57.6;16;18;23;21;18;19.2;14;12;13;13;13;13.0;0.7760416666666666;0.7476635514018691;0.8333333333333334;0.7881773399014778;80;69;27;16
0;13_Reinforcement Learning;SGDClassifier_Count_Vectors_RandomUnder;somef_data_train.csv;somef_data_test.csv;0.007910966873168945;0.006030559539794922;0.0057811737060546875;0.008597850799560547;0.005506992340087891;0.006765508651733398;0.005448579788208008;0.0031311511993408203;0.003422260284423828;0.005125522613525391;0.0035712718963623047;0.004139757156372071;0.8181818181818182;0.7922077922077922;0.7337662337662337;0.803921568627451;0.7320261437908496;0.776020711314829;0.7816091954022989;0.7586206896551724;0.7307692307692307;0.7395833333333334;0.7142857142857143;0.7449736326891501;0.8831168831168831;0.8571428571428571;0.7402597402597403;0.9342105263157895;0.7792207792207793;0.8387901572112098;0.8292682926829268;0.8048780487804879;0.7354838709677418;0.8255813953488373;0.7453416149068324;0.7881106445373652;68;66;57;71;60;64.4;58;56;56;52;52;54.8;19;21;21;25;24;22.0;9;11;20;5;17;12.4;0.7239583333333334;0.6902654867256637;0.8125;0.7464114832535885;78;61;35;18
0;13_Reinforcement Learning;SGDClassifier_TFIDF_RandomUnder;somef_data_train.csv;somef_data_test.csv;0.00931692123413086;0.007676601409912109;0.007956743240356445;0.007202863693237305;0.0063364505767822266;0.007697916030883789;0.004972219467163086;0.0037491321563720703;0.0038301944732666016;0.004419803619384766;0.003936290740966797;0.004181528091430664;0.7467532467532467;0.7467532467532467;0.7402597402597403;0.7647058823529411;0.7254901960784313;0.7447924624395212;0.7638888888888888;0.7794117647058824;0.7283950617283951;0.8703703703703703;0.7397260273972602;0.7763584226181593;0.7142857142857143;0.6883116883116883;0.7662337662337663;0.618421052631579;0.7012987012987013;0.69771018455229;0.7382550335570469;0.7310344827586206;0.7468354430379747;0.723076923076923;0.7200000000000001;0.731840376486113;55;53;59;47;54;53.6;60;62;55;70;57;60.8;17;15;22;7;19;16.0;22;24;18;29;23;23.2;0.7447916666666666;0.7473684210526316;0.7395833333333334;0.743455497382199;71;72;24;25
0;13_Reinforcement Learning;AdaBoostClassifier_Count_Vectors_RandomUnder;somef_data_train.csv;somef_data_test.csv;1.9804890155792236;1.8486602306365967;2.167065382003784;2.280526638031006;1.886047124862671;2.0325576782226564;0.18689942359924316;0.18042683601379395;0.17199969291687012;0.16675806045532227;0.18790030479431152;0.1787968635559082;0.7597402597402597;0.7402597402597403;0.7727272727272727;0.7712418300653595;0.7581699346405228;0.760427807486631;0.8225806451612904;0.6989247311827957;0.75;0.759493670886076;0.7325581395348837;0.7527114373530092;0.6623376623376623;0.8441558441558441;0.8181818181818182;0.7894736842105263;0.8181818181818182;0.786466165413534;0.7338129496402878;0.7647058823529411;0.7826086956521738;0.7741935483870968;0.7730061349693251;0.7656654422003649;51;65;63;60;63;60.4;66;49;56;58;53;56.4;11;28;21;19;23;20.4;26;12;14;16;14;16.4;0.6875;0.6551724137931034;0.7916666666666666;0.7169811320754716;76;56;40;20
0;13_Reinforcement Learning;AdaBoostClassifier_TFIDF_RandomUnder;somef_data_train.csv;somef_data_test.csv;3.1588666439056396;2.878473997116089;3.070725679397583;2.634603977203369;2.623422145843506;2.8732184886932375;0.16701555252075195;0.17636799812316895;0.17104554176330566;0.18599510192871094;0.1794595718383789;0.17597675323486328;0.8116883116883117;0.7337662337662337;0.7402597402597403;0.7516339869281046;0.7777777777777778;0.7630252100840336;0.8428571428571429;0.7142857142857143;0.7032967032967034;0.7375;0.7529411764705882;0.7501761473820296;0.7662337662337663;0.7792207792207793;0.8311688311688312;0.7763157894736842;0.8311688311688312;0.7968215994531784;0.8027210884353742;0.7453416149068324;0.761904761904762;0.7564102564102564;0.7901234567901235;0.7713002356894696;59;60;64;59;64;61.2;66;53;50;56;55;56.0;11;24;27;21;21;20.8;18;17;13;17;13;15.6;0.7239583333333334;0.7087378640776699;0.7604166666666666;0.7336683417085427;73;66;30;23
0;13_Reinforcement Learning;SVC_Count_Vectors_RandomUnder;somef_data_train.csv;somef_data_test.csv;0.02054572105407715;0.01564788818359375;0.021253108978271484;0.020516395568847656;0.02018117904663086;0.01962885856628418;0.005333423614501953;0.003682374954223633;0.005561113357543945;0.0058307647705078125;0.005185127258300781;0.005118560791015625;0.8636363636363636;0.7467532467532467;0.7662337662337663;0.7777777777777778;0.7712418300653595;0.7851285968933028;0.8255813953488372;0.7159090909090909;0.7303370786516854;0.7282608695652174;0.7692307692307693;0.75386384074112;0.922077922077922;0.8181818181818182;0.8441558441558441;0.881578947368421;0.7792207792207793;0.8490430622009569;0.8711656441717791;0.7636363636363637;0.7831325301204819;0.7976190476190474;0.7741935483870968;0.7979494267869537;71;63;65;67;60;65.2;62;52;53;52;58;55.4;15;25;24;25;18;21.4;6;14;12;9;17;11.6;0.71875;0.6909090909090909;0.7916666666666666;0.737864077669903;76;62;34;20
0;13_Reinforcement Learning;SVC_TFIDF_RandomUnder;somef_data_train.csv;somef_data_test.csv;0.004235744476318359;0.0031957626342773438;0.002406597137451172;0.0021941661834716797;0.002745389938354492;0.0029555320739746093;0.0053310394287109375;0.0053594112396240234;0.003766775131225586;0.004045248031616211;0.00495147705078125;0.004690790176391601;0.7597402597402597;0.8246753246753247;0.7337662337662337;0.7777777777777778;0.7777777777777778;0.7747474747474746;0.7777777777777778;0.8205128205128205;0.7;0.75;0.7590361445783133;0.7614653485737823;0.7272727272727273;0.8311688311688312;0.8181818181818182;0.8289473684210527;0.8181818181818182;0.8047505126452495;0.7516778523489932;0.8258064516129032;0.7544910179640719;0.7875;0.7875000000000001;0.7813950643851937;56;64;63;63;63;61.8;61;63;50;56;56;57.2;16;14;27;21;20;19.6;21;13;14;13;14;15.0;0.7552083333333334;0.7333333333333333;0.8020833333333334;0.7661691542288558;77;68;28;19
0;13_Reinforcement Learning;SVC_Count_Vectors_RandomUnder;somef_data_train.csv;somef_data_test.csv;0.0018768310546875;0.0017478466033935547;0.0018072128295898438;0.001718759536743164;0.0016505718231201172;0.001760244369506836;0.0050928592681884766;0.005478382110595703;0.00525212287902832;0.0052127838134765625;0.004467010498046875;0.005100631713867187;0.7662337662337663;0.7922077922077922;0.7922077922077922;0.8104575163398693;0.7647058823529411;0.7851625498684323;0.735632183908046;0.7528089887640449;0.7472527472527473;0.7373737373737373;0.7411764705882353;0.7428488255773622;0.8311688311688312;0.8701298701298701;0.8831168831168831;0.9605263157894737;0.8181818181818182;0.8726247436773752;0.7804878048780488;0.8072289156626504;0.8095238095238096;0.8342857142857143;0.7777777777777777;0.8018608044256001;64;67;68;73;63;67.0;54;55;54;51;54;53.6;23;22;23;26;22;23.2;13;10;9;3;14;9.8;0.765625;0.7297297297297297;0.84375;0.7826086956521738;81;66;30;15
0;13_Reinforcement Learning;SVC_TFIDF_RandomUnder;somef_data_train.csv;somef_data_test.csv;0.0018572807312011719;0.0017213821411132812;0.0017437934875488281;0.0015437602996826172;0.0014989376068115234;0.0016730308532714843;0.0044558048248291016;0.004207134246826172;0.004801273345947266;0.00414586067199707;0.0045223236083984375;0.004426479339599609;0.7792207792207793;0.8246753246753247;0.7727272727272727;0.8104575163398693;0.7843137254901961;0.7942789236906883;0.7866666666666666;0.8289473684210527;0.7560975609756098;0.7640449438202247;0.8055555555555556;0.7882624190878218;0.7662337662337663;0.8181818181818182;0.8051948051948052;0.8947368421052632;0.7532467532467533;0.8075187969924812;0.7763157894736841;0.8235294117647058;0.7798742138364779;0.8242424242424243;0.778523489932886;0.7964970658500357;59;63;62;68;58;62.0;61;64;57;56;62;60.0;16;13;20;21;14;16.8;18;14;15;8;19;14.8;0.75;0.7448979591836735;0.7604166666666666;0.7525773195876287;73;71;25;23
0;13_Reinforcement Learning;LR_Count_Vectors_RandomUnder;readme_train.csv;readme_test.csv;0.056830644607543945;0.06730437278747559;0.06472253799438477;0.06470990180969238;0.04175758361816406;0.05906500816345215;0.004919767379760742;0.003523111343383789;0.0033652782440185547;0.003737211227416992;0.005460262298583984;0.004201126098632812;0.8831168831168831;0.9025974025974026;0.8831168831168831;0.9019607843137255;0.9215686274509803;0.8984721161191749;0.8554216867469879;0.8974358974358975;0.8831168831168831;0.8765432098765432;0.9012345679012346;0.8827504490155093;0.922077922077922;0.9090909090909091;0.8831168831168831;0.9342105263157895;0.948051948051948;0.9193096377306903;0.8875;0.9032258064516129;0.8831168831168831;0.9044585987261147;0.9240506329113924;0.9004703842412006;71;70;68;71;73;70.6;65;69;68;67;68;67.4;12;8;9;10;8;9.4;6;7;9;5;4;6.2;0.9010416666666666;0.8666666666666667;0.9479166666666666;0.9054726368159204;91;82;14;5
0;13_Reinforcement Learning;LR_TFIDF_RandomUnder;readme_train.csv;readme_test.csv;0.012063980102539062;0.013244152069091797;0.011580705642700195;0.008619546890258789;0.012093782424926758;0.01152043342590332;0.005294084548950195;0.005042314529418945;0.005020856857299805;0.004388570785522461;0.004887580871582031;0.0049266815185546875;0.948051948051948;0.9545454545454546;0.9090909090909091;0.8888888888888888;0.9281045751633987;0.9257363551481198;0.96;0.9605263157894737;0.9701492537313433;0.8831168831168831;1.0;0.95475849052754;0.935064935064935;0.948051948051948;0.8441558441558441;0.8947368421052632;0.8571428571428571;0.8958304853041694;0.9473684210526316;0.9542483660130718;0.9027777777777779;0.8888888888888888;0.923076923076923;0.9232720753618586;72;73;65;68;66;68.8;74;74;75;68;76;73.4;3;3;2;9;0;3.4;5;4;12;8;11;8.0;0.9166666666666666;0.9545454545454546;0.875;0.9130434782608695;84;92;4;12
0;13_Reinforcement Learning;SVC_Count_Vectors_RandomUnder;readme_train.csv;readme_test.csv;0.06578421592712402;0.055710792541503906;0.0630342960357666;0.06441140174865723;0.0612187385559082;0.062031888961791994;0.019124746322631836;0.021432161331176758;0.02078986167907715;0.020551681518554688;0.01642775535583496;0.019665241241455078;0.9155844155844156;0.922077922077922;0.9025974025974026;0.9150326797385621;0.8954248366013072;0.9101434513199219;0.8809523809523809;0.891566265060241;0.8780487804878049;0.8987341772151899;0.9420289855072463;0.8982661178445726;0.961038961038961;0.961038961038961;0.935064935064935;0.9342105263157895;0.8441558441558441;0.9271018455228981;0.9192546583850931;0.9249999999999999;0.9056603773584906;0.9161290322580645;0.8904109589041096;0.9112910053811515;74;74;72;71;65;71.2;67;68;67;69;72;68.6;10;9;10;8;4;8.2;3;3;5;5;12;5.6;0.921875;0.8932038834951457;0.9583333333333334;0.9246231155778895;92;85;11;4
0;13_Reinforcement Learning;SVC_TFIDF_RandomUnder;readme_train.csv;readme_test.csv;0.04528546333312988;0.04750323295593262;0.05695319175720215;0.05840015411376953;0.048429012298583984;0.05131421089172363;0.015796899795532227;0.014617204666137695;0.018908977508544922;0.01818537712097168;0.013479232788085938;0.01619753837585449;0.948051948051948;0.961038961038961;0.9155844155844156;0.8888888888888888;0.9411764705882353;0.9309481368304897;0.96;0.9733333333333334;0.9705882352941176;0.8831168831168831;1.0;0.9574076903488666;0.935064935064935;0.948051948051948;0.8571428571428571;0.8947368421052632;0.8831168831168831;0.9036226930963773;0.9473684210526316;0.9605263157894737;0.9103448275862068;0.8888888888888888;0.9379310344827586;0.9290118975599919;72;73;66;68;68;69.4;74;75;75;68;76;73.6;3;2;2;9;0;3.2;5;4;11;8;9;7.4;0.9166666666666666;0.9651162790697675;0.8645833333333334;0.9120879120879122;83;93;3;13
0;13_Reinforcement Learning;KNN_Count_Vectors_RandomUnder;readme_train.csv;readme_test.csv;0.0007545948028564453;0.0012171268463134766;0.0012047290802001953;0.0010607242584228516;0.0012526512145996094;0.0010979652404785156;0.03001570701599121;0.029119253158569336;0.030260801315307617;0.031494855880737305;0.0332186222076416;0.030821847915649413;0.8051948051948052;0.8311688311688312;0.8246753246753247;0.8300653594771242;0.8758169934640523;0.8333842627960276;0.7373737373737373;0.7575757575757576;0.7604166666666666;0.7604166666666666;0.8452380952380952;0.7722041847041846;0.948051948051948;0.974025974025974;0.948051948051948;0.9605263157894737;0.922077922077922;0.9505468215994531;0.8295454545454545;0.8522727272727272;0.8439306358381503;0.8488372093023255;0.8819875776397517;0.8513147209196819;73;75;73;73;71;73.0;51;53;54;54;63;55.0;26;24;23;23;13;21.8;4;2;4;3;6;3.8;0.8385416666666666;0.768595041322314;0.96875;0.8571428571428572;93;68;28;3
0;13_Reinforcement Learning;KNN_TFIDF_RandomUnder;readme_train.csv;readme_test.csv;0.0011222362518310547;0.0010652542114257812;0.00128936767578125;0.0010309219360351562;0.0011773109436035156;0.0011370182037353516;0.02034926414489746;0.024669647216796875;0.02339935302734375;0.02303910255432129;0.020055532455444336;0.022302579879760743;0.935064935064935;0.948051948051948;0.8766233766233766;0.9019607843137255;0.9281045751633987;0.9179611238434766;0.9466666666666667;0.9726027397260274;0.881578947368421;0.9295774647887324;0.9852941176470589;0.9431439872393813;0.922077922077922;0.922077922077922;0.8701298701298701;0.868421052631579;0.8701298701298701;0.8905673274094326;0.9342105263157895;0.9466666666666667;0.8758169934640522;0.8979591836734694;0.9241379310344828;0.915758260230892;71;71;67;66;67;68.4;73;75;68;72;75;72.6;4;2;9;5;1;4.2;6;6;10;10;10;8.4;0.9270833333333334;0.9019607843137255;0.9583333333333334;0.9292929292929293;92;86;10;4
0;13_Reinforcement Learning;RandomForestClassifier_Count_Vectors_RandomUnder;readme_train.csv;readme_test.csv;0.2476656436920166;0.2665121555328369;0.2758665084838867;0.274761438369751;0.27813053131103516;0.2685872554779053;0.027211666107177734;0.026804685592651367;0.02338385581970215;0.02593684196472168;0.021521329879760742;0.024971675872802735;0.8961038961038961;0.9285714285714286;0.9285714285714286;0.9281045751633987;0.954248366013072;0.9271199388846447;0.8765432098765432;0.8928571428571429;0.9125;0.922077922077922;0.9487179487179487;0.9105392447059113;0.922077922077922;0.974025974025974;0.948051948051948;0.9342105263157895;0.961038961038961;0.9478810663021189;0.8987341772151898;0.9316770186335404;0.929936305732484;0.9281045751633986;0.9548387096774195;0.9286581572844064;71;75;73;71;74;72.8;67;68;70;71;72;69.6;10;9;7;6;4;7.2;6;2;4;5;3;4.0;0.9427083333333334;0.912621359223301;0.9791666666666666;0.9447236180904524;94;87;9;2
0;13_Reinforcement Learning;RandomForestClassifier_TFIDF_RandomUnder;readme_train.csv;readme_test.csv;0.25284457206726074;0.2936892509460449;0.2968411445617676;0.2791585922241211;0.29871273040771484;0.28424925804138185;0.027634382247924805;0.022614240646362305;0.020993709564208984;0.03483748435974121;0.020889759063720703;0.025393915176391602;0.948051948051948;0.9415584415584416;0.9285714285714286;0.8888888888888888;0.934640522875817;0.9283422459893048;0.96;0.9473684210526315;0.9583333333333334;0.8734177215189873;0.971830985915493;0.9421900923640891;0.935064935064935;0.935064935064935;0.8961038961038961;0.9078947368421053;0.8961038961038961;0.9140464798359534;0.9473684210526316;0.9411764705882352;0.9261744966442952;0.8903225806451613;0.9324324324324325;0.9274948802725511;72;72;69;69;69;70.2;74;73;74;67;74;72.4;3;4;3;10;2;4.4;5;5;8;7;8;6.6;0.9166666666666666;0.9761904761904762;0.8541666666666666;0.9111111111111111;82;94;2;14
0;13_Reinforcement Learning;SGDClassifier_Count_Vectors_RandomUnder;readme_train.csv;readme_test.csv;0.009072303771972656;0.008383035659790039;0.01215505599975586;0.012279033660888672;0.012138843536376953;0.010805654525756835;0.005053281784057617;0.0030930042266845703;0.005156040191650391;0.004179716110229492;0.0049686431884765625;0.0044901371002197266;0.9025974025974026;0.922077922077922;0.8636363636363636;0.8823529411764706;0.8496732026143791;0.8840675664205075;0.8690476190476191;0.9333333333333333;0.8783783783783784;0.8717948717948718;0.9354838709677419;0.8976076147043889;0.948051948051948;0.9090909090909091;0.8441558441558441;0.8947368421052632;0.7532467532467533;0.8698564593301435;0.906832298136646;0.9210526315789475;0.8609271523178808;0.8831168831168831;0.8345323741007193;0.8812922678502153;73;70;65;68;58;66.8;66;72;68;67;72;69.0;11;5;9;10;4;7.8;4;7;12;8;19;10.0;0.8854166666666666;0.8854166666666666;0.8854166666666666;0.8854166666666666;85;85;11;11
0;13_Reinforcement Learning;SGDClassifier_TFIDF_RandomUnder;readme_train.csv;readme_test.csv;0.00816965103149414;0.007941246032714844;0.007134199142456055;0.008601665496826172;0.008571624755859375;0.008083677291870118;0.005134105682373047;0.004843235015869141;0.004039764404296875;0.004958391189575195;0.004821062088012695;0.004759311676025391;0.8896103896103896;0.9155844155844156;0.8571428571428571;0.8366013071895425;0.8954248366013072;0.8788727612257026;0.9054054054054054;0.8902439024390244;0.8873239436619719;0.8311688311688312;0.8505747126436781;0.8729433590637822;0.8701298701298701;0.948051948051948;0.8181818181818182;0.8421052631578947;0.961038961038961;0.8879015721120984;0.8874172185430463;0.9182389937106918;0.8513513513513514;0.8366013071895425;0.9024390243902438;0.8792095790369752;67;73;63;64;74;68.2;70;68;69;64;63;66.8;7;9;8;13;13;10.0;10;4;14;12;3;8.6;0.9114583333333334;0.9540229885057471;0.8645833333333334;0.907103825136612;83;92;4;13
0;13_Reinforcement Learning;AdaBoostClassifier_Count_Vectors_RandomUnder;readme_train.csv;readme_test.csv;2.5463411808013916;2.4797184467315674;3.0198326110839844;2.552755117416382;3.023974657058716;2.724524402618408;0.18335366249084473;0.1833648681640625;0.17432785034179688;0.1825237274169922;0.1719362735748291;0.17910127639770507;0.8701298701298701;0.8506493506493507;0.8571428571428571;0.8888888888888888;0.9084967320261438;0.8750615397674221;0.8701298701298701;0.8292682926829268;0.8571428571428571;0.8734177215189873;0.8888888888888888;0.8637695260727061;0.8701298701298701;0.8831168831168831;0.8571428571428571;0.9078947368421053;0.935064935064935;0.8906698564593303;0.8701298701298701;0.8553459119496856;0.8571428571428571;0.8903225806451613;0.9113924050632912;0.8768667249861732;67;68;66;69;72;68.4;67;63;66;67;67;66.0;10;14;11;10;9;10.8;10;9;11;7;5;8.4;0.90625;0.89;0.9270833333333334;0.9081632653061226;89;85;11;7
0;13_Reinforcement Learning;AdaBoostClassifier_TFIDF_RandomUnder;readme_train.csv;readme_test.csv;3.296625852584839;3.236143112182617;3.3073036670684814;4.145646572113037;4.160111427307129;3.6291661262512207;0.17969489097595215;0.18383526802062988;0.1831226348876953;0.17250657081604004;0.17370033264160156;0.1785719394683838;0.9025974025974026;0.9155844155844156;0.8961038961038961;0.8758169934640523;0.9019607843137255;0.8984126984126984;0.9305555555555556;0.9210526315789473;0.9552238805970149;0.8352941176470589;0.918918918918919;0.9122090208594992;0.8701298701298701;0.9090909090909091;0.8311688311688312;0.9342105263157895;0.8831168831168831;0.8855434039644565;0.8993288590604027;0.915032679738562;0.888888888888889;0.8819875776397516;0.9006622516556292;0.8971800513966469;67;70;64;71;68;68.0;72;71;74;63;70;70.0;5;6;3;14;6;6.8;10;7;13;5;9;8.8;0.859375;0.8876404494382022;0.8229166666666666;0.8540540540540539;79;86;10;17
0;13_Reinforcement Learning;SVC_Count_Vectors_RandomUnder;readme_train.csv;readme_test.csv;0.015176773071289062;0.013795852661132812;0.017788171768188477;0.01965785026550293;0.01808309555053711;0.016900348663330077;0.0035517215728759766;0.003391742706298828;0.005154848098754883;0.0050618648529052734;0.005370140075683594;0.004506063461303711;0.8766233766233766;0.8441558441558441;0.8376623376623377;0.8496732026143791;0.8562091503267973;0.8528647822765469;0.8452380952380952;0.8117647058823529;0.8333333333333334;0.8354430379746836;0.8481012658227848;0.83477608765025;0.922077922077922;0.8961038961038961;0.8441558441558441;0.868421052631579;0.8701298701298701;0.8801777170198222;0.8819875776397517;0.8518518518518517;0.8387096774193548;0.8516129032258065;0.8589743589743589;0.8566272738222246;71;69;65;66;67;67.6;64;61;64;64;64;63.4;13;16;13;13;12;13.4;6;8;12;10;10;9.2;0.8333333333333334;0.8076923076923077;0.875;0.8400000000000001;84;76;20;12
0;13_Reinforcement Learning;SVC_TFIDF_RandomUnder;readme_train.csv;readme_test.csv;0.0042705535888671875;0.0043337345123291016;0.003579378128051758;0.0034835338592529297;0.004602670669555664;0.004053974151611328;0.006079196929931641;0.003917217254638672;0.0038895606994628906;0.003687620162963867;0.0060999393463134766;0.004734706878662109;0.935064935064935;0.9415584415584416;0.9415584415584416;0.8888888888888888;0.9215686274509803;0.9257278669043375;0.935064935064935;0.9594594594594594;0.9722222222222222;0.8933333333333333;0.9452054794520548;0.9410570859064009;0.935064935064935;0.922077922077922;0.9090909090909091;0.881578947368421;0.8961038961038961;0.9087833219412167;0.935064935064935;0.9403973509933775;0.9395973154362416;0.8874172185430463;0.9199999999999999;0.9244953640075202;72;71;70;67;69;69.8;72;74;75;69;72;72.4;5;3;2;8;4;4.4;5;6;7;9;8;7.0;0.921875;0.9655172413793104;0.875;0.9180327868852458;84;93;3;12
0;13_Reinforcement Learning;SVC_Count_Vectors_RandomUnder;readme_train.csv;readme_test.csv;0.0012917518615722656;0.0017969608306884766;0.0012373924255371094;0.0013535022735595703;0.0017054080963134766;0.0014770030975341797;0.00413823127746582;0.003589153289794922;0.003465890884399414;0.0035142898559570312;0.0031871795654296875;0.003578948974609375;0.922077922077922;0.9285714285714286;0.9155844155844156;0.9019607843137255;0.934640522875817;0.9205670146846618;0.8735632183908046;0.8928571428571429;0.872093023255814;0.8674698795180723;0.9135802469135802;0.8839127021870828;0.987012987012987;0.974025974025974;0.974025974025974;0.9473684210526315;0.961038961038961;0.9686944634313056;0.9268292682926829;0.9316770186335404;0.9202453987730062;0.9056603773584905;0.9367088607594937;0.9242241847634427;76;75;75;72;74;74.4;66;68;66;66;69;67.0;11;9;11;11;7;9.8;1;2;2;4;3;2.4;0.9322916666666666;0.8807339449541285;1.0;0.9365853658536586;96;83;13;0
0;13_Reinforcement Learning;SVC_TFIDF_RandomUnder;readme_train.csv;readme_test.csv;0.001272439956665039;0.0015299320220947266;0.0015652179718017578;0.0018050670623779297;0.0017807483673095703;0.0015906810760498047;0.003253936767578125;0.005353689193725586;0.005304574966430664;0.004668712615966797;0.004685163497924805;0.004653215408325195;0.9415584415584416;0.935064935064935;0.9090909090909091;0.869281045751634;0.9281045751633987;0.9166199813258636;0.9473684210526315;0.9036144578313253;0.8888888888888888;0.8414634146341463;0.9852941176470589;0.9133258600108102;0.935064935064935;0.974025974025974;0.935064935064935;0.9078947368421053;0.8701298701298701;0.924436090225564;0.9411764705882352;0.9375;0.9113924050632912;0.8734177215189874;0.9241379310344828;0.9175249056409992;72;75;72;69;67;71.0;73;69;68;64;75;69.8;4;8;9;13;1;7.0;5;2;5;7;10;5.8;0.9322916666666666;0.8952380952380953;0.9791666666666666;0.9353233830845771;94;85;11;2
