PipelineID;Pipeline;test_acc_mean;test_prec_mean;test_recall_mean;test_f1-score_mean;acc_overall;prec_overall;recall_overall;f1-score_overall;train_set;validation_set1_General;LR_Count_Vectors_RandomUnder;0.5180423468235272;0.5179341039368306;0.5154635654621811;0.516477970789438;0.5360824742268041;0.5376344086021505;0.5154639175257731;0.5263157894736842;somef_data_train.csv;somef_data_test.csv
1_General;LR_TFIDF_RandomUnder;0.5472460273922082;0.5508001051362751;0.5120217822696018;0.5306806106528106;0.5532646048109966;0.5622489959839357;0.48109965635738833;0.5185185185185186;somef_data_train.csv;somef_data_test.csv
1_General;SVC_Count_Vectors_RandomUnder;0.5605650392074607;0.5696735924725616;0.5163514698417093;0.5334410944235589;0.5695876288659794;0.5789473684210527;0.5103092783505154;0.5424657534246575;somef_data_train.csv;somef_data_test.csv
1_General;SVC_TFIDF_RandomUnder;0.5350073528394867;0.541561623234865;0.45747381051271396;0.4956525239321733;0.5240549828178694;0.53125;0.40893470790378006;0.4621359223300971;somef_data_train.csv;somef_data_test.csv
1_General;KNN_Count_Vectors_RandomUnder;0.49334556501615784;0.4931717788252616;0.5210641930868982;0.5063321073877816;0.49398625429553267;0.494195688225539;0.5120274914089347;0.5029535864978903;somef_data_train.csv;somef_data_test.csv
1_General;KNN_TFIDF_RandomUnder;0.49291038755687505;0.48854546086075035;0.31269647884074026;0.3805095318526923;0.4733676975945017;0.45288753799392095;0.25601374570446733;0.3271130625686059;somef_data_train.csv;somef_data_test.csv
1_General;RandomForestClassifier_Count_Vectors_RandomUnder;0.5242738206644754;0.5259086745102537;0.4948590151829803;0.5096892719429963;0.5180412371134021;0.5203094777562862;0.46219931271477666;0.4895359417652411;somef_data_train.csv;somef_data_test.csv
1_General;RandomForestClassifier_TFIDF_RandomUnder;0.5139584092051096;0.5154713092225547;0.4669177165536019;0.48978256380532353;0.49398625429553267;0.49266247379454925;0.40378006872852235;0.44381491973559967;somef_data_train.csv;somef_data_test.csv
1_General;SGDClassifier_Count_Vectors_RandomUnder;0.522556160480908;0.5250175816685616;0.5201845955050994;0.5189089760560487;0.5498281786941581;0.568075117370892;0.41580756013745707;0.4801587301587302;somef_data_train.csv;somef_data_test.csv
1_General;SGDClassifier_TFIDF_RandomUnder;0.5139586397016453;0.5147227164090241;0.5012635562324058;0.5070419962217492;0.49226804123711343;0.49225473321858865;0.49140893470790376;0.49183147033533964;somef_data_train.csv;somef_data_test.csv
1_General;AdaBoostClassifier_Count_Vectors_RandomUnder;0.5193287479889177;0.5211197560304419;0.4874908855969357;0.5010447115167512;0.5257731958762887;0.5264084507042254;0.5137457044673539;0.5199999999999999;somef_data_train.csv;somef_data_test.csv
1_General;AdaBoostClassifier_TFIDF_RandomUnder;0.4892577089566344;0.4884722959950059;0.45789468826434077;0.47251678905689004;0.5060137457044673;0.5069306930693069;0.43986254295532645;0.47102115915363385;somef_data_train.csv;somef_data_test.csv
1_General;SVC_Count_Vectors_RandomUnder;0.4952766649917251;0.4958754427903484;0.5201901333702524;0.5066983878559606;0.5017182130584192;0.5016722408026756;0.5154639175257731;0.5084745762711863;somef_data_train.csv;somef_data_test.csv
1_General;SVC_TFIDF_RandomUnder;0.5300632021500716;0.5325366279939916;0.4909760487332133;0.5107434585194703;0.5300687285223368;0.5347912524850894;0.46219931271477666;0.495852534562212;somef_data_train.csv;somef_data_test.csv
1_General;SVC_Count_Vectors_RandomUnder;0.548755779700631;0.5446773110082104;0.5914883012598644;0.5665725577862959;0.584192439862543;0.5800653594771242;0.6099656357388317;0.5946398659966499;somef_data_train.csv;somef_data_test.csv
1_General;SVC_TFIDF_RandomUnder;0.5551949309201882;0.5525421864856584;0.5794609811251096;0.5656264484254325;0.5506872852233677;0.5511265164644714;0.5463917525773195;0.5487489214840379;somef_data_train.csv;somef_data_test.csv
1_Computer Vision;LR_Count_Vectors_RandomUnder;0.6202586987882485;0.6217273856572589;0.61377438488455;0.6176624077939866;0.6136968085106383;0.6150740242261103;0.6077127659574468;0.611371237458194;somef_data_train.csv;somef_data_test.csv
1_Computer Vision;LR_TFIDF_RandomUnder;0.6671659730319237;0.6679241722804979;0.6656685148230246;0.666681834931713;0.6542553191489362;0.6506493506493507;0.6662234042553191;0.6583442838370565;somef_data_train.csv;somef_data_test.csv
1_Computer Vision;SVC_Count_Vectors_RandomUnder;0.6445410323331991;0.6095017531429654;0.8053935578023339;0.6938056528632303;0.6230053191489362;0.5924075924075924;0.788563829787234;0.6765544780376498;somef_data_train.csv;somef_data_test.csv
1_Computer Vision;SVC_TFIDF_RandomUnder;0.6457100454631585;0.6524432822301354;0.6244172226798083;0.6379366623450637;0.6402925531914894;0.6463245492371706;0.6196808510638298;0.6327223353699932;somef_data_train.csv;somef_data_test.csv
1_Computer Vision;KNN_Count_Vectors_RandomUnder;0.5670329168758635;0.5648275723355727;0.584846407703661;0.5744050183199751;0.5565159574468085;0.5535939470365699;0.5837765957446809;0.568284789644013;somef_data_train.csv;somef_data_test.csv
1_Computer Vision;KNN_TFIDF_RandomUnder;0.5567212030932098;0.5677779483389765;0.4786949768105207;0.5176751242659198;0.5179521276595744;0.521669341894061;0.4321808510638298;0.4727272727272727;somef_data_train.csv;somef_data_test.csv
1_Computer Vision;RandomForestClassifier_Count_Vectors_RandomUnder;0.6255806684066317;0.6279020270748956;0.6174338450312601;0.6225509075605412;0.6117021276595744;0.6157024793388429;0.5944148936170213;0.604871447902571;somef_data_train.csv;somef_data_test.csv
1_Computer Vision;RandomForestClassifier_TFIDF_RandomUnder;0.6294090066016322;0.6302734684595281;0.6277422457587298;0.6285224285963379;0.5990691489361702;0.5981554677206851;0.6037234042553191;0.600926538716082;somef_data_train.csv;somef_data_test.csv
1_Computer Vision;SGDClassifier_Count_Vectors_RandomUnder;0.6250837133455878;0.63781318937953;0.5854738226986032;0.6077385645677849;0.6276595744680851;0.6105990783410138;0.7047872340425532;0.654320987654321;somef_data_train.csv;somef_data_test.csv
1_Computer Vision;SGDClassifier_TFIDF_RandomUnder;0.6237556414012113;0.6197149262683157;0.6473513137019695;0.6317953701226166;0.6183510638297872;0.6126582278481013;0.6436170212765957;0.6277561608300909;somef_data_train.csv;somef_data_test.csv
1_Computer Vision;AdaBoostClassifier_Count_Vectors_RandomUnder;0.6240835791829356;0.6386195083815925;0.5718547713942985;0.6033851699320458;0.6030585106382979;0.6124818577648766;0.5611702127659575;0.5857043719639139;somef_data_train.csv;somef_data_test.csv
1_Computer Vision;AdaBoostClassifier_TFIDF_RandomUnder;0.6082837830548421;0.6065416944571344;0.6170999607520135;0.6114561004951744;0.5871010638297872;0.5847347994825356;0.601063829787234;0.5927868852459016;somef_data_train.csv;somef_data_test.csv
1_Computer Vision;SVC_Count_Vectors_RandomUnder;0.6021272387528129;0.6033491897738432;0.5984781731444271;0.6006204420382804;0.5910904255319149;0.5872611464968153;0.613031914893617;0.5998698763825635;somef_data_train.csv;somef_data_test.csv
1_Computer Vision;SVC_TFIDF_RandomUnder;0.6458756049421648;0.6483671753546957;0.6380567271601594;0.6430167237631151;0.6256648936170213;0.6241787122207622;0.6316489361702128;0.6278916060806345;somef_data_train.csv;somef_data_test.csv
1_Computer Vision;SVC_Count_Vectors_RandomUnder;0.6375568289481509;0.6156579972345221;0.7328743345807929;0.669035596616999;0.6163563829787234;0.5979843225083986;0.7101063829787234;0.6492401215805471;somef_data_train.csv;somef_data_test.csv
1_Computer Vision;SVC_TFIDF_RandomUnder;0.6789769890304742;0.6863041895459535;0.6596834732809658;0.6726116341547972;0.6529255319148937;0.6533333333333333;0.651595744680851;0.6524633821571237;somef_data_train.csv;somef_data_test.csv
1_Natural Language Processing;LR_Count_Vectors_RandomUnder;0.7388888888888888;0.7302862881107843;0.7569444444444444;0.7427949755385186;0.725;0.7165775401069518;0.7444444444444445;0.7302452316076294;somef_data_train.csv;somef_data_test.csv
1_Natural Language Processing;LR_TFIDF_RandomUnder;0.7791666666666666;0.7422606106877897;0.8555555555555555;0.7947264119870752;0.7472222222222222;0.7354497354497355;0.7722222222222223;0.7533875338753387;somef_data_train.csv;somef_data_test.csv
1_Natural Language Processing;SVC_Count_Vectors_RandomUnder;0.6888888888888889;0.6349770982238143;0.888888888888889;0.7407409368114218;0.6638888888888889;0.625531914893617;0.8166666666666667;0.708433734939759;somef_data_train.csv;somef_data_test.csv
1_Natural Language Processing;SVC_TFIDF_RandomUnder;0.7625;0.7207231979870368;0.8583333333333332;0.7832249180649196;0.7444444444444445;0.7268041237113402;0.7833333333333333;0.7540106951871658;somef_data_train.csv;somef_data_test.csv
1_Natural Language Processing;KNN_Count_Vectors_RandomUnder;0.6590277777777778;0.648155345494877;0.7041666666666667;0.6690661659493771;0.6361111111111111;0.6353591160220995;0.6388888888888888;0.6371191135734072;somef_data_train.csv;somef_data_test.csv
1_Natural Language Processing;KNN_TFIDF_RandomUnder;0.6909722222222222;0.6368723030548987;0.9;0.7449332010090736;0.5916666666666667;0.5587188612099644;0.8722222222222222;0.6811279826464207;somef_data_train.csv;somef_data_test.csv
1_Natural Language Processing;RandomForestClassifier_Count_Vectors_RandomUnder;0.7458333333333333;0.7363195632222042;0.7680555555555556;0.7508574648291574;0.7777777777777778;0.8012048192771084;0.7388888888888889;0.7687861271676301;somef_data_train.csv;somef_data_test.csv
1_Natural Language Processing;RandomForestClassifier_TFIDF_RandomUnder;0.7666666666666667;0.7339135099489279;0.8375;0.7819500390285895;0.7333333333333333;0.7121212121212122;0.7833333333333333;0.746031746031746;somef_data_train.csv;somef_data_test.csv
1_Natural Language Processing;SGDClassifier_Count_Vectors_RandomUnder;0.7298611111111112;0.752789601067868;0.6986111111111112;0.7170533037129813;0.7472222222222222;0.7431693989071039;0.7555555555555555;0.7493112947658402;somef_data_train.csv;somef_data_test.csv
1_Natural Language Processing;SGDClassifier_TFIDF_RandomUnder;0.7465277777777779;0.7473098855249569;0.7458333333333333;0.7460585633077085;0.7416666666666667;0.7604790419161677;0.7055555555555556;0.7319884726224783;somef_data_train.csv;somef_data_test.csv
1_Natural Language Processing;AdaBoostClassifier_Count_Vectors_RandomUnder;0.7201388888888889;0.7439054767222879;0.6722222222222222;0.7055496905375374;0.7055555555555556;0.73125;0.65;0.688235294117647;somef_data_train.csv;somef_data_test.csv
1_Natural Language Processing;AdaBoostClassifier_TFIDF_RandomUnder;0.70625;0.7039767178517685;0.7124999999999999;0.7079951877732198;0.6833333333333333;0.675531914893617;0.7055555555555556;0.6902173913043479;somef_data_train.csv;somef_data_test.csv
1_Natural Language Processing;SVC_Count_Vectors_RandomUnder;0.7020833333333334;0.7038520312838134;0.701388888888889;0.7014612506534874;0.7194444444444444;0.7515923566878981;0.6555555555555556;0.7002967359050445;somef_data_train.csv;somef_data_test.csv
1_Natural Language Processing;SVC_TFIDF_RandomUnder;0.7673611111111112;0.7524768506665294;0.7972222222222223;0.7738328224641714;0.7638888888888888;0.7714285714285715;0.75;0.7605633802816902;somef_data_train.csv;somef_data_test.csv
1_Natural Language Processing;SVC_Count_Vectors_RandomUnder;0.74375;0.732781931232964;0.7680555555555555;0.7497791439281529;0.7694444444444445;0.7904191616766467;0.7333333333333333;0.7608069164265129;somef_data_train.csv;somef_data_test.csv
1_Natural Language Processing;SVC_TFIDF_RandomUnder;0.7638888888888888;0.7946022937939106;0.7125;0.7511474344114184;0.7666666666666667;0.8116883116883117;0.6944444444444444;0.7485029940119761;somef_data_train.csv;somef_data_test.csv
1_Sequential;LR_Count_Vectors_RandomUnder;0.6132800608828006;0.6030643191933514;0.663963963963964;0.6293391430646332;0.6;0.5918367346938775;0.6444444444444445;0.6170212765957447;somef_data_train.csv;somef_data_test.csv
1_Sequential;LR_TFIDF_RandomUnder;0.6657534246575343;0.673197496947497;0.6527027027027028;0.6574796720307556;0.7222222222222222;0.7380952380952381;0.6888888888888889;0.7126436781609196;somef_data_train.csv;somef_data_test.csv
1_Sequential;SVC_Count_Vectors_RandomUnder;0.596537290715373;0.5614566740780071;0.9003003003003004;0.6907723101287196;0.5777777777777777;0.5432098765432098;0.9777777777777777;0.6984126984126985;somef_data_train.csv;somef_data_test.csv
1_Sequential;SVC_TFIDF_RandomUnder;0.6354642313546424;0.6828056992691139;0.5313813813813815;0.5859526946483469;0.6666666666666666;0.7142857142857143;0.5555555555555556;0.6250000000000001;somef_data_train.csv;somef_data_test.csv
1_Sequential;KNN_Count_Vectors_RandomUnder;0.580289193302892;0.5701819203180365;0.6705705705705706;0.5920894367842715;0.5222222222222223;0.5263157894736842;0.4444444444444444;0.4819277108433735;somef_data_train.csv;somef_data_test.csv
1_Sequential;KNN_TFIDF_RandomUnder;0.6076103500761034;0.5876072472607723;0.7244744744744746;0.6444773134817696;0.6444444444444445;0.6065573770491803;0.8222222222222222;0.6981132075471698;somef_data_train.csv;somef_data_test.csv
1_Sequential;RandomForestClassifier_Count_Vectors_RandomUnder;0.5965753424657534;0.5841975858944585;0.703003003003003;0.630842496724157;0.5666666666666667;0.5483870967741935;0.7555555555555555;0.6355140186915887;somef_data_train.csv;somef_data_test.csv
1_Sequential;RandomForestClassifier_TFIDF_RandomUnder;0.607572298325723;0.5984886395829793;0.6908408408408409;0.6360734419172058;0.5777777777777777;0.559322033898305;0.7333333333333333;0.6346153846153846;somef_data_train.csv;somef_data_test.csv
1_Sequential;SGDClassifier_Count_Vectors_RandomUnder;0.6243531202435312;0.6426948051948052;0.5588588588588589;0.5951799345821269;0.6;0.576271186440678;0.7555555555555555;0.6538461538461539;somef_data_train.csv;somef_data_test.csv
1_Sequential;SGDClassifier_TFIDF_RandomUnder;0.6410958904109588;0.6564501583650519;0.6411411411411413;0.6369952774327302;0.6111111111111112;0.65625;0.4666666666666667;0.5454545454545454;somef_data_train.csv;somef_data_test.csv
1_Sequential;AdaBoostClassifier_Count_Vectors_RandomUnder;0.6103881278538812;0.6149484344523477;0.6033033033033033;0.6039404994628875;0.6222222222222222;0.627906976744186;0.6;0.6136363636363636;somef_data_train.csv;somef_data_test.csv
1_Sequential;AdaBoostClassifier_TFIDF_RandomUnder;0.6324581430745815;0.6210192887984929;0.6738738738738739;0.645468849130821;0.5222222222222223;0.5217391304347826;0.5333333333333333;0.5274725274725275;somef_data_train.csv;somef_data_test.csv
1_Sequential;SVC_Count_Vectors_RandomUnder;0.5691400304414003;0.5604324028461959;0.61996996996997;0.5837678579462617;0.5444444444444444;0.5434782608695652;0.5555555555555556;0.5494505494505495;somef_data_train.csv;somef_data_test.csv
1_Sequential;SVC_TFIDF_RandomUnder;0.668607305936073;0.666852461264226;0.6857357357357357;0.6728142370852505;0.6888888888888889;0.6976744186046512;0.6666666666666666;0.6818181818181818;somef_data_train.csv;somef_data_test.csv
1_Sequential;SVC_Count_Vectors_RandomUnder;0.6408295281582952;0.7239977722082985;0.4692192192192192;0.5662319033425591;0.6777777777777778;0.7352941176470589;0.5555555555555556;0.6329113924050633;somef_data_train.csv;somef_data_test.csv
1_Sequential;SVC_TFIDF_RandomUnder;0.6659056316590564;0.6746493436816017;0.6358858858858858;0.6528898981759578;0.6888888888888889;0.6888888888888889;0.6888888888888889;0.6888888888888889;somef_data_train.csv;somef_data_test.csv
1_Reinforcement Learning;LR_Count_Vectors_RandomUnder;0.7981580510992276;0.8257165395602379;0.7578605604921395;0.7887287182212953;0.78125;0.8292682926829268;0.7083333333333334;0.7640449438202247;somef_data_train.csv;somef_data_test.csv
1_Reinforcement Learning;LR_TFIDF_RandomUnder;0.8567269331975215;0.9104930352496275;0.7915242652084757;0.8457031278600733;0.8177083333333334;0.8961038961038961;0.71875;0.7976878612716763;somef_data_train.csv;somef_data_test.csv
1_Reinforcement Learning;SVC_Count_Vectors_RandomUnder;0.7955097190391307;0.8459530958001855;0.7289131920710868;0.7805098174626979;0.7760416666666666;0.8732394366197183;0.6458333333333334;0.7425149700598803;somef_data_train.csv;somef_data_test.csv
1_Reinforcement Learning;SVC_TFIDF_RandomUnder;0.8450046685340802;0.9162611600635246;0.7603554340396446;0.830304578255204;0.828125;0.9090909090909091;0.7291666666666666;0.8092485549132948;somef_data_train.csv;somef_data_test.csv
1_Reinforcement Learning;KNN_Count_Vectors_RandomUnder;0.7291486291486292;0.7877318464759174;0.6298701298701299;0.6945176052010698;0.734375;0.8461538461538461;0.5729166666666666;0.6832298136645962;somef_data_train.csv;somef_data_test.csv
1_Reinforcement Learning;KNN_TFIDF_RandomUnder;0.8216195569136746;0.8617186676675604;0.7735816814764183;0.8091453752895064;0.7916666666666666;0.85;0.7083333333333334;0.7727272727272727;somef_data_train.csv;somef_data_test.csv
1_Reinforcement Learning;RandomForestClassifier_Count_Vectors_RandomUnder;0.8098972922502334;0.8199393206923327;0.7995215311004784;0.80819814357242;0.7760416666666666;0.8271604938271605;0.6979166666666666;0.7570621468926554;somef_data_train.csv;somef_data_test.csv
1_Reinforcement Learning;RandomForestClassifier_TFIDF_RandomUnder;0.8125031830914183;0.8221677309493401;0.8020164046479836;0.8083345032093462;0.7916666666666666;0.8181818181818182;0.75;0.7826086956521738;somef_data_train.csv;somef_data_test.csv
1_Reinforcement Learning;SGDClassifier_Count_Vectors_RandomUnder;0.8190136660724896;0.8304973577758389;0.8048872180451128;0.8162473984577205;0.78125;0.8068181818181818;0.7395833333333334;0.7717391304347826;somef_data_train.csv;somef_data_test.csv
1_Reinforcement Learning;SGDClassifier_TFIDF_RandomUnder;0.809888804006451;0.824151032360532;0.7917634996582364;0.8056023464713202;0.796875;0.8131868131868132;0.7708333333333334;0.7914438502673797;somef_data_train.csv;somef_data_test.csv
1_Reinforcement Learning;AdaBoostClassifier_Count_Vectors_RandomUnder;0.7722434428316781;0.7782844348633823;0.776144907723855;0.7730309745139047;0.7916666666666666;0.85;0.7083333333333334;0.7727272727272727;somef_data_train.csv;somef_data_test.csv
1_Reinforcement Learning;AdaBoostClassifier_TFIDF_RandomUnder;0.7890671420083185;0.7924948568440588;0.7838345864661654;0.7875318798930253;0.7395833333333334;0.7446808510638298;0.7291666666666666;0.7368421052631579;somef_data_train.csv;somef_data_test.csv
1_Reinforcement Learning;SVC_Count_Vectors_RandomUnder;0.7577624989389695;0.7736634035717542;0.7343130553656869;0.7519758994513058;0.75;0.7857142857142857;0.6875;0.7333333333333334;somef_data_train.csv;somef_data_test.csv
1_Reinforcement Learning;SVC_TFIDF_RandomUnder;0.8450386215092098;0.8815140415140416;0.7968557758031443;0.8367992639111307;0.8333333333333334;0.8636363636363636;0.7916666666666666;0.8260869565217391;somef_data_train.csv;somef_data_test.csv
1_Reinforcement Learning;SVC_Count_Vectors_RandomUnder;0.8346744758509465;0.8122614495983458;0.8724880382775119;0.8404078575022254;0.8333333333333334;0.8076923076923077;0.875;0.8400000000000001;somef_data_train.csv;somef_data_test.csv
1_Reinforcement Learning;SVC_TFIDF_RandomUnder;0.8437484084542909;0.816732928318294;0.8907040328092959;0.8504843513771251;0.84375;0.8;0.9166666666666666;0.854368932038835;somef_data_train.csv;somef_data_test.csv
1_Audio;LR_Count_Vectors_RandomUnder;0.7228048780487806;0.7527255639097745;0.6738095238095239;0.7051266252504641;0.66;0.7;0.56;0.6222222222222222;somef_data_train.csv;somef_data_test.csv
1_Audio;LR_TFIDF_RandomUnder;0.7526829268292683;0.7464904802500711;0.7723809523809524;0.7547202430923361;0.74;0.6875;0.88;0.7719298245614036;somef_data_train.csv;somef_data_test.csv
1_Audio;SVC_Count_Vectors_RandomUnder;0.6584146341463415;0.7585414585414586;0.46619047619047616;0.5758438272669771;0.68;0.8461538461538461;0.44;0.5789473684210525;somef_data_train.csv;somef_data_test.csv
1_Audio;SVC_TFIDF_RandomUnder;0.7479268292682927;0.7173080639167596;0.8314285714285715;0.7664637218870627;0.78;0.7058823529411765;0.96;0.8135593220338982;somef_data_train.csv;somef_data_test.csv
1_Audio;KNN_Count_Vectors_RandomUnder;0.5740243902439024;0.6162962962962962;0.48238095238095247;0.4773139780355321;0.64;0.64;0.64;0.64;somef_data_train.csv;somef_data_test.csv
1_Audio;KNN_TFIDF_RandomUnder;0.7428048780487805;0.8070187165775401;0.6547619047619048;0.7122318747318748;0.74;0.7727272727272727;0.68;0.7234042553191491;somef_data_train.csv;somef_data_test.csv
1_Audio;RandomForestClassifier_Count_Vectors_RandomUnder;0.7128048780487806;0.72896331738437;0.6938095238095239;0.7067440960123887;0.62;0.625;0.6;0.6122448979591836;somef_data_train.csv;somef_data_test.csv
1_Audio;RandomForestClassifier_TFIDF_RandomUnder;0.7026829268292684;0.6935340022296544;0.7428571428571429;0.7137711828234405;0.76;0.696969696969697;0.92;0.793103448275862;somef_data_train.csv;somef_data_test.csv
1_Audio;SGDClassifier_Count_Vectors_RandomUnder;0.7324390243902439;0.7477824081219666;0.7538095238095238;0.7389465367793541;0.74;0.7;0.84;0.7636363636363636;somef_data_train.csv;somef_data_test.csv
1_Audio;SGDClassifier_TFIDF_RandomUnder;0.728170731707317;0.7526839826839826;0.7023809523809523;0.7178948896631823;0.74;0.7;0.84;0.7636363636363636;somef_data_train.csv;somef_data_test.csv
1_Audio;AdaBoostClassifier_Count_Vectors_RandomUnder;0.7179268292682928;0.7195294246815986;0.7338095238095238;0.7208230297091986;0.72;0.7037037037037037;0.76;0.7307692307692308;somef_data_train.csv;somef_data_test.csv
1_Audio;AdaBoostClassifier_TFIDF_RandomUnder;0.718048780487805;0.6972235493974624;0.7728571428571429;0.7302191418003217;0.72;0.72;0.72;0.72;somef_data_train.csv;somef_data_test.csv
1_Audio;SVC_Count_Vectors_RandomUnder;0.6682926829268292;0.6805435156518748;0.6538095238095238;0.6634278002699054;0.6;0.631578947368421;0.48;0.5454545454545454;somef_data_train.csv;somef_data_test.csv
1_Audio;SVC_TFIDF_RandomUnder;0.7328048780487805;0.7350383631713555;0.7428571428571428;0.7341360944788117;0.82;0.75;0.96;0.8421052631578947;somef_data_train.csv;somef_data_test.csv
1_Audio;SVC_Count_Vectors_RandomUnder;0.7668292682926829;0.7389682539682539;0.8309523809523809;0.7778522062732589;0.78;0.7333333333333333;0.88;0.8;somef_data_train.csv;somef_data_test.csv
1_Audio;SVC_TFIDF_RandomUnder;0.762560975609756;0.8346153846153846;0.6542857142857142;0.7287955182072829;0.8;0.8571428571428571;0.72;0.782608695652174;somef_data_train.csv;somef_data_test.csv
1_Graphs;LR_Count_Vectors_RandomUnder;0.6848627450980392;0.7350454545454546;0.5907692307692308;0.6512539682539683;0.75;0.7666666666666667;0.71875;0.7419354838709677;somef_data_train.csv;somef_data_test.csv
1_Graphs;LR_TFIDF_RandomUnder;0.7437647058823529;0.7238461538461538;0.7963076923076923;0.756027972027972;0.671875;0.6571428571428571;0.71875;0.6865671641791045;somef_data_train.csv;somef_data_test.csv
1_Graphs;SVC_Count_Vectors_RandomUnder;0.5985098039215687;0.7572727272727272;0.29846153846153844;0.4194029493695111;0.71875;0.9375;0.46875;0.625;somef_data_train.csv;somef_data_test.csv
1_Graphs;SVC_TFIDF_RandomUnder;0.736;0.7056419446742027;0.8123076923076923;0.7534104029039481;0.6875;0.6578947368421053;0.78125;0.7142857142857143;somef_data_train.csv;somef_data_test.csv
1_Graphs;KNN_Count_Vectors_RandomUnder;0.5787450980392157;0.885;0.21353846153846154;0.324346292628666;0.625;0.75;0.375;0.5;somef_data_train.csv;somef_data_test.csv
1_Graphs;KNN_TFIDF_RandomUnder;0.6966274509803922;0.6749423583662715;0.7563076923076923;0.7076865893547428;0.671875;0.6486486486486487;0.75;0.6956521739130435;somef_data_train.csv;somef_data_test.csv
1_Graphs;RandomForestClassifier_Count_Vectors_RandomUnder;0.6693333333333334;0.7264186795491143;0.5830769230769232;0.6335545689831404;0.71875;0.7333333333333333;0.6875;0.7096774193548386;somef_data_train.csv;somef_data_test.csv
1_Graphs;RandomForestClassifier_TFIDF_RandomUnder;0.6889411764705883;0.6625350960883194;0.7726153846153846;0.7101664819089885;0.625;0.6;0.75;0.6666666666666665;somef_data_train.csv;somef_data_test.csv
1_Graphs;SGDClassifier_Count_Vectors_RandomUnder;0.6415686274509803;0.6504449254449254;0.6230769230769232;0.6341873205076738;0.71875;0.675;0.84375;0.75;somef_data_train.csv;somef_data_test.csv
1_Graphs;SGDClassifier_TFIDF_RandomUnder;0.7083921568627451;0.6949880525686978;0.7556923076923077;0.722674091407245;0.65625;0.6470588235294118;0.6875;0.6666666666666667;somef_data_train.csv;somef_data_test.csv
1_Graphs;AdaBoostClassifier_Count_Vectors_RandomUnder;0.6694117647058823;0.642361111111111;0.7713846153846153;0.6956683004485676;0.640625;0.6046511627906976;0.8125;0.6933333333333334;somef_data_train.csv;somef_data_test.csv
1_Graphs;AdaBoostClassifier_TFIDF_RandomUnder;0.6614117647058823;0.6403048564338886;0.7489230769230769;0.6877305084852254;0.578125;0.5757575757575758;0.59375;0.5846153846153846;somef_data_train.csv;somef_data_test.csv
1_Graphs;SVC_Count_Vectors_RandomUnder;0.6574117647058824;0.682943115364168;0.6156923076923076;0.6388680843480619;0.671875;0.6774193548387096;0.65625;0.6666666666666667;somef_data_train.csv;somef_data_test.csv
1_Graphs;SVC_TFIDF_RandomUnder;0.739921568627451;0.71844112505959;0.7963076923076923;0.7535238095238095;0.703125;0.6857142857142857;0.75;0.7164179104477612;somef_data_train.csv;somef_data_test.csv
1_Graphs;SVC_Count_Vectors_RandomUnder;0.6376470588235295;0.5888434735995711;0.9132307692307693;0.715445499773858;0.703125;0.6326530612244898;0.96875;0.7654320987654322;somef_data_train.csv;somef_data_test.csv
1_Graphs;SVC_TFIDF_RandomUnder;0.7123921568627452;0.7674885500972457;0.6150769230769231;0.6804263728870575;0.703125;0.782608695652174;0.5625;0.6545454545454547;somef_data_train.csv;somef_data_test.csv
1_Computer Vision;LR_Count_Vectors_RandomUnder;0.7491888582797673;0.7665379472024536;0.7194011651537732;0.7415576149650364;0.6986754966887417;0.7027027027027027;0.6887417218543046;0.6956521739130436;somef_data_description_train.csv;somef_data_description_test.csv
1_Computer Vision;LR_TFIDF_RandomUnder;0.7591130156786722;0.8044825473724557;0.6881587860723479;0.740880639993912;0.7384105960264901;0.7727272727272727;0.6754966887417219;0.7208480565371024;somef_data_description_train.csv;somef_data_description_test.csv
1_Computer Vision;SVC_Count_Vectors_RandomUnder;0.7524776383362243;0.8731778487213269;0.5922774691776183;0.7037824140069013;0.7218543046357616;0.8252427184466019;0.5629139072847682;0.6692913385826771;somef_data_description_train.csv;somef_data_description_test.csv
1_Computer Vision;SVC_TFIDF_RandomUnder;0.7500221065877632;0.8133771629558855;0.6551144831323669;0.7231269938471409;0.7185430463576159;0.7619047619047619;0.6357615894039735;0.6931407942238267;somef_data_description_train.csv;somef_data_description_test.csv
1_Computer Vision;KNN_Count_Vectors_RandomUnder;0.7301805938169574;0.8089836937256292;0.6072076954342229;0.6912410248965986;0.6754966887417219;0.7387387387387387;0.543046357615894;0.6259541984732824;somef_data_description_train.csv;somef_data_description_test.csv
1_Computer Vision;KNN_TFIDF_RandomUnder;0.7343230282624221;0.770444626240387;0.67325565641512;0.7170896697107213;0.6986754966887417;0.734375;0.6225165562913907;0.6738351254480286;somef_data_description_train.csv;somef_data_description_test.csv
1_Computer Vision;RandomForestClassifier_Count_Vectors_RandomUnder;0.7450396218072985;0.7844628001535309;0.6781330443029401;0.7263112859911901;0.7019867549668874;0.7401574803149606;0.6225165562913907;0.6762589928057553;somef_data_description_train.csv;somef_data_description_test.csv
1_Computer Vision;RandomForestClassifier_TFIDF_RandomUnder;0.7393123150698908;0.7788823801819996;0.6782414307004471;0.7225540069890352;0.7086092715231788;0.7368421052631579;0.6490066225165563;0.6901408450704226;somef_data_description_train.csv;somef_data_description_test.csv
1_Computer Vision;SGDClassifier_Count_Vectors_RandomUnder;0.7433969322858213;0.7435637036495161;0.7524861129928194;0.746172443567523;0.7052980132450332;0.7012987012987013;0.7152317880794702;0.7081967213114753;somef_data_description_train.csv;somef_data_description_test.csv
1_Computer Vision;SGDClassifier_TFIDF_RandomUnder;0.7359759208244057;0.768084681038319;0.684853000948381;0.7206227564973056;0.7086092715231788;0.7299270072992701;0.6622516556291391;0.6944444444444444;somef_data_description_train.csv;somef_data_description_test.csv
1_Computer Vision;AdaBoostClassifier_Count_Vectors_RandomUnder;0.7128796381321634;0.7240043323021265;0.692995529061103;0.7067201452109506;0.7019867549668874;0.6993464052287581;0.7086092715231788;0.7039473684210525;somef_data_description_train.csv;somef_data_description_test.csv
1_Computer Vision;AdaBoostClassifier_TFIDF_RandomUnder;0.6848382818079788;0.6937963280335615;0.671589215553448;0.6810157272550705;0.6721854304635762;0.6688311688311688;0.6821192052980133;0.6754098360655738;somef_data_description_train.csv;somef_data_description_test.csv
1_Computer Vision;SVC_Count_Vectors_RandomUnder;0.7343366323164302;0.7478155903630451;0.7111367023438558;0.7282185410280663;0.695364238410596;0.695364238410596;0.695364238410596;0.695364238410596;somef_data_description_train.csv;somef_data_description_test.csv
1_Computer Vision;SVC_TFIDF_RandomUnder;0.7467435295718123;0.7624166959564492;0.724481777536919;0.7414603730303374;0.7152317880794702;0.7181208053691275;0.7086092715231788;0.7133333333333332;somef_data_description_train.csv;somef_data_description_test.csv
1_Computer Vision;SVC_Count_Vectors_RandomUnder;0.7830119375573921;0.8729411124711002;0.6632976561441539;0.7533610573276759;0.7814569536423841;0.8761061946902655;0.6556291390728477;0.75;somef_data_description_train.csv;somef_data_description_test.csv
1_Computer Vision;SVC_TFIDF_RandomUnder;0.7624153997891371;0.84165874099407;0.6518222463080884;0.7328969671979157;0.7615894039735099;0.8558558558558559;0.6291390728476821;0.7251908396946565;somef_data_description_train.csv;somef_data_description_test.csv
1_Natural Language Processing;LR_Count_Vectors_RandomUnder;0.8356856455493183;0.8552607223010543;0.8103594080338267;0.8313957679615747;0.8055555555555556;0.8;0.8148148148148148;0.8073394495412846;somef_data_description_train.csv;somef_data_description_test.csv
1_Natural Language Processing;LR_TFIDF_RandomUnder;0.7846030473135526;0.7458556606791901;0.870507399577167;0.8022744329632989;0.7962962962962963;0.7580645161290323;0.8703703703703703;0.8103448275862069;somef_data_description_train.csv;somef_data_description_test.csv
1_Natural Language Processing;SVC_Count_Vectors_RandomUnder;0.7962844159315692;0.7623478260869566;0.8609936575052852;0.8082155749123878;0.7777777777777778;0.734375;0.8703703703703703;0.7966101694915254;somef_data_description_train.csv;somef_data_description_test.csv
1_Natural Language Processing;SVC_TFIDF_RandomUnder;0.7892809409248864;0.7550598290598292;0.8612050739957718;0.803854775925511;0.7870370370370371;0.7627118644067796;0.8333333333333334;0.7964601769911505;somef_data_description_train.csv;somef_data_description_test.csv
1_Natural Language Processing;KNN_Count_Vectors_RandomUnder;0.7940122961774927;0.7524887023367267;0.8797040169133192;0.8104352324447465;0.7962962962962963;0.7666666666666667;0.8518518518518519;0.8070175438596491;somef_data_description_train.csv;somef_data_description_test.csv
1_Natural Language Processing;KNN_TFIDF_RandomUnder;0.8517241379310345;0.8888038131940572;0.8054968287526426;0.8444058436382683;0.8055555555555556;0.8235294117647058;0.7777777777777778;0.7999999999999999;somef_data_description_train.csv;somef_data_description_test.csv
1_Natural Language Processing;RandomForestClassifier_Count_Vectors_RandomUnder;0.8242181234963913;0.8017923691215618;0.8613107822410149;0.8302393746946752;0.8240740740740741;0.8070175438596491;0.8518518518518519;0.8288288288288288;somef_data_description_train.csv;somef_data_description_test.csv
1_Natural Language Processing;RandomForestClassifier_TFIDF_RandomUnder;0.8055600106923283;0.7755345201910551;0.8612050739957718;0.8159332953161845;0.7962962962962963;0.7857142857142857;0.8148148148148148;0.7999999999999999;somef_data_description_train.csv;somef_data_description_test.csv
1_Natural Language Processing;SGDClassifier_Count_Vectors_RandomUnder;0.7590751136059878;0.8201963501963503;0.71723044397463;0.7506722475900558;0.7777777777777778;0.8260869565217391;0.7037037037037037;0.76;somef_data_description_train.csv;somef_data_description_test.csv
1_Natural Language Processing;SGDClassifier_TFIDF_RandomUnder;0.8380379577653034;0.8566271919015481;0.8151162790697674;0.8336673928830791;0.7870370370370371;0.803921568627451;0.7592592592592593;0.780952380952381;somef_data_description_train.csv;somef_data_description_test.csv
1_Natural Language Processing;AdaBoostClassifier_Count_Vectors_RandomUnder;0.8078321304464048;0.8240721582826847;0.7872093023255815;0.8037462750106428;0.7870370370370371;0.803921568627451;0.7592592592592593;0.780952380952381;somef_data_description_train.csv;somef_data_description_test.csv
1_Natural Language Processing;AdaBoostClassifier_TFIDF_RandomUnder;0.810077519379845;0.8286366274171153;0.7871035940803383;0.8060301507876501;0.7870370370370371;0.7818181818181819;0.7962962962962963;0.7889908256880734;somef_data_description_train.csv;somef_data_description_test.csv
1_Natural Language Processing;SVC_Count_Vectors_RandomUnder;0.8287089013632718;0.8497970728203287;0.8010570824524313;0.8239043990727059;0.7962962962962963;0.7962962962962963;0.7962962962962963;0.7962962962962963;somef_data_description_train.csv;somef_data_description_test.csv
1_Natural Language Processing;SVC_TFIDF_RandomUnder;0.8448543170275327;0.8434133736686205;0.8473572938689218;0.8449931600547197;0.7962962962962963;0.7857142857142857;0.8148148148148148;0.7999999999999999;somef_data_description_train.csv;somef_data_description_test.csv
1_Natural Language Processing;SVC_Count_Vectors_RandomUnder;0.824164661855119;0.8113547747258549;0.8474630021141648;0.8279429451402288;0.8148148148148148;0.8148148148148148;0.8148148148148148;0.8148148148148148;somef_data_description_train.csv;somef_data_description_test.csv
1_Natural Language Processing;SVC_TFIDF_RandomUnder;0.8355787222667737;0.8391451096329146;0.8334038054968287;0.8355948649052098;0.8055555555555556;0.8;0.8148148148148148;0.8073394495412846;somef_data_description_train.csv;somef_data_description_test.csv
1_General;LR_Count_Vectors_RandomUnder;0.5633346173600411;0.5671806093715519;0.5338866189989786;0.5489879982335208;0.5681818181818182;0.5789473684210527;0.5;0.5365853658536586;somef_data_description_train.csv;somef_data_description_test.csv
1_General;LR_TFIDF_RandomUnder;0.5701977401129944;0.5642346187943209;0.624514811031665;0.5924246908884714;0.5681818181818182;0.5700934579439252;0.5545454545454546;0.5622119815668204;somef_data_description_train.csv;somef_data_description_test.csv
1_General;SVC_Count_Vectors_RandomUnder;0.5532421674370827;0.5430154398698074;0.6718590398365679;0.5997667726089211;0.6409090909090909;0.628099173553719;0.6909090909090909;0.658008658008658;somef_data_description_train.csv;somef_data_description_test.csv
1_General;SVC_TFIDF_RandomUnder;0.5566127375449408;0.5482364233625702;0.6517109295199182;0.5950812725388696;0.5909090909090909;0.5925925925925926;0.5818181818181818;0.5871559633027522;somef_data_description_train.csv;somef_data_description_test.csv
1_General;KNN_Count_Vectors_RandomUnder;0.5362223934257833;0.5349476473950823;0.5815372829417773;0.5528062611900272;0.5590909090909091;0.5607476635514018;0.5454545454545454;0.5529953917050691;somef_data_description_train.csv;somef_data_description_test.csv
1_General;KNN_TFIDF_RandomUnder;0.5588726245505906;0.5620551984460731;0.5429775280898876;0.5510085074152995;0.5636363636363636;0.5729166666666666;0.5;0.5339805825242718;somef_data_description_train.csv;somef_data_description_test.csv
1_General;RandomForestClassifier_Count_Vectors_RandomUnder;0.5508988186954288;0.5518087465577324;0.5496424923391215;0.5493659928874709;0.5909090909090909;0.6111111111111112;0.5;0.55;somef_data_description_train.csv;somef_data_description_test.csv
1_General;RandomForestClassifier_TFIDF_RandomUnder;0.564490241397021;0.5606065500924747;0.5972420837589377;0.5761026780661681;0.5772727272727273;0.5858585858585859;0.5272727272727272;0.5550239234449761;somef_data_description_train.csv;somef_data_description_test.csv
1_General;SGDClassifier_Count_Vectors_RandomUnder;0.5632639958911145;0.5642240737319163;0.5925178753830439;0.5748497663167591;0.6045454545454545;0.632183908045977;0.5;0.5583756345177665;somef_data_description_train.csv;somef_data_description_test.csv
1_General;SGDClassifier_TFIDF_RandomUnder;0.552105803800719;0.5597137683604381;0.599846782431052;0.5711822842050726;0.55;0.5714285714285714;0.4;0.47058823529411764;somef_data_description_train.csv;somef_data_description_test.csv
1_General;AdaBoostClassifier_Count_Vectors_RandomUnder;0.5317090395480226;0.5368085261739819;0.4885086823289071;0.509965810719464;0.6;0.6195652173913043;0.5181818181818182;0.5643564356435643;somef_data_description_train.csv;somef_data_description_test.csv
1_General;AdaBoostClassifier_TFIDF_RandomUnder;0.5453068823831535;0.5477073863090898;0.5025536261491318;0.5237126287960795;0.5318181818181819;0.5376344086021505;0.45454545454545453;0.4926108374384236;somef_data_description_train.csv;somef_data_description_test.csv
1_General;SVC_Count_Vectors_RandomUnder;0.5463790446841295;0.5491937905666312;0.5181818181818182;0.5323744122363336;0.5590909090909091;0.5747126436781609;0.45454545454545453;0.5076142131979695;somef_data_description_train.csv;somef_data_description_test.csv
1_General;SVC_TFIDF_RandomUnder;0.5735683102208525;0.5751718483145137;0.567926455566905;0.5713099660836277;0.5681818181818182;0.5789473684210527;0.5;0.5365853658536586;somef_data_description_train.csv;somef_data_description_test.csv
1_General;SVC_Count_Vectors_RandomUnder;0.5588469440164355;0.5474346070201414;0.6855975485188968;0.6085025477233615;0.6136363636363636;0.5954198473282443;0.7090909090909091;0.6473029045643154;somef_data_description_train.csv;somef_data_description_test.csv
1_General;SVC_TFIDF_RandomUnder;0.570178479712378;0.5618254192766216;0.6358784473953014;0.596527706289909;0.6045454545454545;0.6;0.6272727272727273;0.6133333333333334;somef_data_description_train.csv;somef_data_description_test.csv
1_Sequential;LR_Count_Vectors_RandomUnder;0.7333333333333334;0.65;0.6666666666666666;0.6457142857142857;0.625;0.6;0.75;0.6666666666666665;somef_data_description_train.csv;somef_data_description_test.csv
1_Sequential;LR_TFIDF_RandomUnder;0.7;0.6866666666666666;0.7333333333333333;0.6966666666666665;0.875;0.8;1.0;0.888888888888889;somef_data_description_train.csv;somef_data_description_test.csv
1_Sequential;SVC_Count_Vectors_RandomUnder;0.5666666666666667;0.45;0.7333333333333333;0.5547619047619048;0.5;0.5;1.0;0.6666666666666666;somef_data_description_train.csv;somef_data_description_test.csv
1_Sequential;SVC_TFIDF_RandomUnder;0.5333333333333333;0.5333333333333333;0.6;0.4999999999999999;0.875;0.8;1.0;0.888888888888889;somef_data_description_train.csv;somef_data_description_test.csv
1_Sequential;KNN_Count_Vectors_RandomUnder;0.5999999999999999;0.56;1.0;0.7166666666666666;0.5;0.5;1.0;0.6666666666666666;somef_data_description_train.csv;somef_data_description_test.csv
1_Sequential;KNN_TFIDF_RandomUnder;0.6666666666666667;0.6833333333333333;0.6666666666666666;0.659047619047619;0.75;0.75;0.75;0.75;somef_data_description_train.csv;somef_data_description_test.csv
1_Sequential;RandomForestClassifier_Count_Vectors_RandomUnder;0.6666666666666667;0.62;0.6666666666666666;0.6033333333333333;0.5;0.5;0.75;0.6;somef_data_description_train.csv;somef_data_description_test.csv
1_Sequential;RandomForestClassifier_TFIDF_RandomUnder;0.6;0.5700000000000001;1.0;0.7214285714285713;0.625;0.5714285714285714;1.0;0.7272727272727273;somef_data_description_train.csv;somef_data_description_test.csv
1_Sequential;SGDClassifier_Count_Vectors_RandomUnder;0.8666666666666666;0.9333333333333332;0.8;0.8333333333333333;0.625;0.6666666666666666;0.5;0.5714285714285715;somef_data_description_train.csv;somef_data_description_test.csv
1_Sequential;SGDClassifier_TFIDF_RandomUnder;0.6333333333333332;0.5933333333333334;0.8;0.6633333333333333;0.875;0.8;1.0;0.888888888888889;somef_data_description_train.csv;somef_data_description_test.csv
1_Sequential;AdaBoostClassifier_Count_Vectors_RandomUnder;0.7;0.7166666666666666;0.6666666666666666;0.6780952380952381;0.375;0.42857142857142855;0.75;0.5454545454545454;somef_data_description_train.csv;somef_data_description_test.csv
1_Sequential;AdaBoostClassifier_TFIDF_RandomUnder;0.6333333333333333;0.64;0.8;0.6733333333333333;0.875;0.8;1.0;0.888888888888889;somef_data_description_train.csv;somef_data_description_test.csv
1_Sequential;SVC_Count_Vectors_RandomUnder;0.7666666666666666;0.8666666666666666;0.6666666666666666;0.7266666666666666;0.5;0.5;0.75;0.6;somef_data_description_train.csv;somef_data_description_test.csv
1_Sequential;SVC_TFIDF_RandomUnder;0.7;0.6866666666666666;0.7333333333333333;0.6966666666666665;0.875;0.8;1.0;0.888888888888889;somef_data_description_train.csv;somef_data_description_test.csv
1_Sequential;SVC_Count_Vectors_RandomUnder;0.8;0.7833333333333333;0.8666666666666666;0.819047619047619;0.75;0.6666666666666666;1.0;0.8;somef_data_description_train.csv;somef_data_description_test.csv
1_Sequential;SVC_TFIDF_RandomUnder;0.7333333333333333;0.7166666666666666;0.7333333333333333;0.718095238095238;0.875;0.8;1.0;0.888888888888889;somef_data_description_train.csv;somef_data_description_test.csv
